Round,Я,T01,T02,T03,T04,T05,T06,T07,T08,T09,T10,T11,T12,T13,T14
R01,Єiљv,1781,1781,1781,1781,1781,1781,1781,1781,1781,1781,1781,1781,1781,1781
R02,Єiљv,1817,1817,1817,1817,1817,1817,1817,1817,1817,1817,1817,1817,1817,1817
R03,Єiљv,1829,1829,1829,1829,1829,1829,1829,1829,1829,1829,1829,1829,1829,1829
R04,Єiљv,1848,1848,1848,1848,1848,1848,1848,1848,1848,1848,1848,1848,1848,1848
R05,Єiљv,1875,1875,1875,1875,1875,1875,1875,1875,1875,1875,1875,1875,1875,1875
R06,Єiљv,1889,1889,1889,1889,1889,1889,1889,1889,1889,1889,1889,1889,1889,1889
R07,Єiљv,1920,1920,1920,1920,1920,1920,1920,1920,1920,1920,1920,1920,1920,1920
R08,Єiљv,1940,1940,1940,1940,1940,1940,1940,1940,1940,1940,1940,1940,1940,1940
R09,Єiљv,1956,1956,1956,1956,1956,1956,1956,1956,1956,1956,1956,1956,1956,1956
R10,Єiљv,1978,1978,1978,1978,1978,1978,1978,1978,1978,1978,1978,1978,1978,1978
R11,Єiљv,1982,1982,1982,1982,1982,1982,1982,1982,1982,1982,1982,1982,1982,1982
R01,ъЪЧя,20000,20000,20000,20000,20000,20000,20000,20000,20000,20000,20000,20000,20000,20000
R02,ъЪЧя,20000,20000,20000,20000,20000,20000,20000,20000,20000,20000,20000,20000,20000,20000
R03,ъЪЧя,20000,20000,20000,20000,20000,20000,20000,20000,20000,20000,20000,20000,20000,20000
R04,ъЪЧя,20000,20000,20000,20000,20000,20000,20000,20000,20000,20000,20000,20000,20000,20000
R05,ъЪЧя,20000,20000,20000,20000,20000,20000,20000,20000,20000,20000,20000,20000,20000,20000
R06,ъЪЧя,20000,20000,20000,20000,20000,20000,20000,20000,20000,20000,20000,20000,20000,20000
R07,ъЪЧя,20000,20000,20000,20000,20000,20000,20000,20000,20000,20000,20000,20000,20000,20000
R08,ъЪЧя,20000,20000,20000,20000,20000,20000,20000,20000,20000,20000,20000,20000,20000,20000
R09,ъЪЧя,20000,20000,20000,20000,20000,20000,20000,20000,20000,20000,20000,20000,20000,20000
R10,ъЪЧя,20000,20000,20000,20000,20000,20000,20000,20000,20000,20000,20000,20000,20000,20000
R11,ъЪЧя,20000,20000,20000,20000,20000,20000,20000,20000,20000,20000,20000,20000,20000,20000
R01,ЬПi,1000,900,900,880,900,850,900,830,900,850,920,850,950,870
R02,ЬПi,1000,970,900,950,1000,1000,1000,950,1000,970,930,900,1000,975
R03,ЬПi,760,950,770,950,750,800,1000,1000,950,900,920,900,810,975
R04,ЬПi,500,925,740,840,720,800,900,750,650,794,830,850,700,600
R05,ЬПi,400,790,730,740,550,600,750,855,570,600,780,650,550,768
R06,ЬПi,780,750,600,580,500,580,750,720,570,650,680,650,630,684
R07,ЬПi,740,755,650,625,450,630,850,750,600,710,850,720,770,550
R08,ЬПi,780,765,650,650,440,600,850,800,700,680,780,750,800,672
R09,ЬПi,1000,778,650,725,330,620,860,850,470,674,820,750,830,610
R10,ЬПi,950,765,620,700,380,590,750,850,700,580,690,670,700,800
R11,ЬПi,350,755,420,740,380,480,800,850,450,607,720,720,780,710
R01,ЛЂwІ,100,100,100,100,100,100,100,100,100,100,100,100,100,100
R02,ЛЂwІ,100,110,150,120,200,150,100,100,100,130,120,125,200,100
R03,ЛЂwІ,160,115,150,120,200,150,150,100,200,150,150,125,200,250
R04,ЛЂwІ,400,120,150,120,220,200,130,200,300,180,150,150,250,150
R05,ЛЂwІ,100,100,150,150,250,150,80,100,220,130,120,150,120,150
R06,ЛЂwІ,100,100,150,150,300,120,50,100,200,120,80,100,80,188
R07,ЛЂwІ,100,100,150,150,350,150,70,100,150,150,100,100,70,150
R08,ЛЂwІ,50,100,150,120,500,150,75,100,300,160,100,120,80,170
R09,ЛЂwІ,70,100,150,120,500,150,80,80,170,170,120,120,120,70
R10,ЛЂwІ,500,100,300,100,500,300,85,80,300,170,100,100,100,120
R11,ЛЂwІ,100,100,150,100,150,100,90,100,500,230,80,100,100,110
R01,оПВB,300,120,150,150,300,200,200,100,200,200,200,125,200,200
R02,оПВB,300,120,200,150,200,150,100,100,300,130,200,125,200,150
R03,оПВB,200,125,150,150,200,150,200,300,300,150,100,150,250,150
R04,оПВB,100,115,200,300,200,200,130,100,300,180,120,150,250,200
R05,оПВB,50,80,200,60,300,150,100,100,100,100,120,100,100,188
R06,оПВB,150,100,100,150,500,120,50,100,100,100,80,200,0,150
R07,оПВB,150,100,200,150,400,150,0,0,200,200,100,120,150,120
R08,оПВB,200,95,150,70,500,200,50,100,300,160,100,100,100,120
R09,оПВB,200,100,150,120,420,200,50,100,150,170,20,150,100,150
R10,оПВB,100,95,150,0,500,130,85,80,500,200,100,0,100,30
R11,оПВB,30,100,200,50,0,120,90,60,300,250,200,100,100,100
R01,нЯЬПi,1000,900,900,880,900,850,900,830,900,850,920,850,950,870
R02,нЯЬПi,2000,1870,1800,1830,1900,1850,1900,1780,1900,1820,1850,1750,1950,1845
R03,нЯЬПi,2760,2820,2570,2780,2650,2650,2900,2780,2850,2720,2770,2650,2760,2820
R04,нЯЬПi,3260,3745,3310,3620,3370,3450,3800,3530,3500,3514,3600,3500,3460,3420
R05,нЯЬПi,3660,4535,4040,4360,3920,4050,4550,4385,4070,4114,4380,4150,4010,4188
R06,нЯЬПi,4440,5285,4640,4940,4420,4630,5300,5105,4640,4764,5060,4800,4640,4872
R07,нЯЬПi,5180,6040,5290,5565,4870,5260,6150,5855,5240,5474,5910,5520,5410,5422
R08,нЯЬПi,5960,6805,5940,6215,5310,5860,7000,6655,5940,6154,6690,6270,6210,6094
R09,нЯЬПi,6960,7583,6590,6940,5640,6480,7860,7505,6410,6828,7510,7020,7040,6704
R10,нЯЬПi,7910,8348,7210,7640,6020,7070,8610,8355,7110,7408,8200,7690,7740,7504
R11,нЯЬПi,8260,9103,7630,8380,6400,7550,9410,9205,7560,8015,8920,8410,8520,8214
R01,оП­,300,120,150,150,300,200,200,100,200,200,200,125,200,200
R02,оП­,300,120,200,150,200,150,100,100,300,130,200,125,200,150
R03,оП­,200,125,150,150,200,150,200,300,300,150,100,150,250,150
R04,оП­,100,115,200,300,200,200,130,100,300,180,120,150,250,200
R05,оП­,50,80,200,60,300,150,100,100,100,100,120,100,100,188
R06,оП­,150,100,100,150,500,120,50,100,100,100,80,200,0,150
R07,оП­,150,100,200,150,400,150,0,0,200,200,100,120,150,120
R08,оП­,200,95,150,70,500,200,50,100,300,160,100,100,100,120
R09,оП­,200,100,150,120,420,200,50,100,150,170,20,150,100,150
R10,оП­,100,95,150,0,500,130,85,80,500,200,100,0,100,30
R11,оП­,30,100,200,50,0,120,90,60,300,250,200,100,100,100
R01,оП[ќ,100,100,100,100,100,100,100,100,100,100,100,100,100,100
R02,оП[ќ,300,120,150,150,300,200,200,100,200,200,200,125,200,200
R03,оП[ќ,300,120,200,150,200,150,100,100,300,130,200,125,200,150
R04,оП[ќ,200,125,150,150,200,150,200,300,300,150,100,150,250,150
R05,оП[ќ,100,115,200,300,200,200,130,100,300,180,120,150,250,200
R06,оП[ќ,50,80,200,60,300,150,100,100,100,100,120,100,100,188
R07,оП[ќ,150,100,100,150,500,120,50,100,100,100,80,200,0,150
R08,оП[ќ,150,100,200,150,400,150,0,0,200,200,100,120,150,120
R09,оП[ќ,200,95,150,70,500,200,50,100,300,160,100,100,100,120
R10,оП[ќ,200,100,150,120,420,200,50,100,150,170,20,150,100,150
R11,оП[ќ,100,95,150,0,500,130,85,80,500,200,100,0,100,30
R01,нЯоП[ќ,100,100,100,100,100,100,100,100,100,100,100,100,100,100
R02,нЯоП[ќ,400,220,250,250,400,300,300,200,300,300,300,225,300,300
R03,нЯоП[ќ,700,340,450,400,600,450,400,300,600,430,500,350,500,450
R04,нЯоП[ќ,900,465,600,550,800,600,600,600,900,580,600,500,750,600
R05,нЯоП[ќ,1000,580,800,850,1000,800,730,700,1200,760,720,650,1000,800
R06,нЯоП[ќ,1050,660,1000,910,1300,950,830,800,1300,860,840,750,1100,988
R07,нЯоП[ќ,1200,760,1100,1060,1800,1070,880,900,1400,960,920,950,1100,1138
R08,нЯоП[ќ,1350,860,1300,1210,2200,1220,880,900,1600,1160,1020,1070,1250,1258
R09,нЯоП[ќ,1550,955,1450,1280,2700,1420,930,1000,1900,1320,1120,1170,1350,1378
R10,нЯоП[ќ,1750,1055,1600,1400,3120,1620,980,1100,2050,1490,1140,1320,1450,1528
R11,нЯоП[ќ,1850,1150,1750,1400,3620,1750,1065,1180,2550,1690,1240,1320,1550,1558
R01,ВBяp,40000,40000,40000,40000,40000,40000,40000,40000,40000,40000,40000,40000,40000,40000
R02,ВBяp,120000,48000,60000,60000,120000,80000,80000,40000,80000,80000,80000,50000,80000,80000
R03,ВBяp,120000,48000,80000,60000,80000,60000,40000,40000,120000,52000,80000,50000,80000,60000
R04,ВBяp,80000,50000,60000,60000,80000,60000,80000,120000,120000,60000,40000,60000,100000,60000
R05,ВBяp,40000,46000,80000,120000,80000,80000,52000,40000,120000,72000,48000,60000,100000,80000
R06,ВBяp,20000,32000,80000,24000,120000,60000,40000,40000,40000,40000,48000,40000,40000,75200
R07,ВBяp,60000,40000,40000,60000,200000,48000,20000,40000,40000,40000,32000,80000,0,60000
R08,ВBяp,60000,40000,80000,60000,160000,60000,0,0,80000,80000,40000,48000,60000,48000
R09,ВBяp,80000,38000,60000,28000,200000,80000,20000,40000,120000,64000,40000,40000,40000,48000
R10,ВBяp,80000,40000,60000,48000,168000,80000,20000,40000,60000,68000,8000,60000,40000,60000
R11,ВBяp,40000,38000,60000,0,200000,52000,34000,32000,200000,80000,40000,0,40000,12000
R01,ЖYТ\,100,100,100,100,100,100,100,100,100,100,100,100,100,100
R02,ЖYТ\,300,120,150,150,300,200,200,100,200,200,200,125,200,200
R03,ЖYТ\,500,130,200,180,300,200,200,100,400,200,280,125,200,250
R04,ЖYТ\,540,140,200,210,300,200,250,300,500,200,230,150,250,150
R05,ЖYТ\,240,135,250,390,280,200,250,200,500,200,200,150,250,200
R06,ЖYТ\,190,115,300,300,330,200,270,200,380,170,200,100,230,238
R07,ЖYТ\,240,115,250,300,530,200,270,200,280,150,200,200,150,200
R08,ЖYТ\,290,115,300,300,580,200,200,100,330,200,200,220,230,170
R09,ЖYТ\,440,110,300,250,580,250,175,100,330,200,200,200,250,120
R10,ЖYТ\,570,110,300,250,500,300,145,120,310,200,100,230,230,200
R11,ЖYТ\,170,105,150,150,500,130,145,120,510,230,100,130,230,110
R01,ЖYwІ,100,100,100,100,100,100,100,100,100,100,100,100,100,100
R02,ЖYwІ,100,110,150,120,200,150,100,100,100,130,120,125,200,100
R03,ЖYwІ,160,115,150,120,200,150,150,100,200,150,150,125,200,250
R04,ЖYwІ,400,120,150,120,220,200,130,200,300,180,150,150,250,150
R05,ЖYwІ,100,100,150,150,250,150,80,100,220,130,120,150,120,150
R06,ЖYwІ,100,100,150,150,300,120,50,100,200,120,80,100,80,188
R07,ЖYwІ,100,100,150,150,350,150,70,100,150,150,100,100,70,150
R08,ЖYwІ,50,100,150,120,500,150,75,100,300,160,100,120,80,170
R09,ЖYwІ,70,100,150,120,500,150,80,80,170,170,120,120,120,70
R10,ЖYwІ,500,100,300,100,500,300,85,80,300,170,100,100,100,120
R11,ЖYwІ,100,100,150,100,150,100,90,100,500,230,80,100,100,110
R01,ЖYвП,100,100,100,100,100,100,100,100,100,100,100,100,100,100
R02,ЖYвП,100,110,150,120,200,150,100,100,100,130,120,125,200,100
R03,ЖYвП,160,115,150,120,200,150,150,100,200,150,150,125,200,250
R04,ЖYвП,400,120,150,120,220,200,130,200,300,180,150,150,250,150
R05,ЖYвП,100,100,150,150,250,150,80,100,220,130,120,150,120,150
R06,ЖYвП,100,100,150,150,300,120,50,100,200,120,80,100,80,188
R07,ЖYвП,100,100,150,150,350,150,70,100,150,150,100,100,70,150
R08,ЖYвП,50,100,150,120,500,150,75,100,300,160,100,120,80,170
R09,ЖYвП,70,100,150,120,500,150,80,80,170,170,120,120,120,70
R10,ЖYвП,500,100,300,100,500,300,85,80,300,170,100,100,100,120
R11,ЖYвП,100,100,150,100,150,100,90,100,500,230,80,100,100,110
R01,оПнЩ,0,0,0,0,0,0,0,0,0,0,0,0,0,0
R02,оПнЩ,200,10,0,30,100,50,100,0,100,70,80,0,0,100
R03,оПнЩ,340,15,50,60,100,50,50,0,200,50,130,0,0,0
R04,оПнЩ,140,20,50,90,80,0,120,100,200,20,80,0,0,0
R05,оПнЩ,140,35,100,240,30,50,170,100,280,70,80,0,130,50
R06,оПнЩ,90,15,150,150,30,80,220,100,180,50,120,0,150,50
R07,оПнЩ,140,15,100,150,180,50,200,100,130,0,100,100,80,50
R08,оПнЩ,240,15,150,180,80,50,125,0,30,40,100,100,150,0
R09,оПнЩ,370,10,150,130,80,100,95,20,160,30,80,80,130,50
R10,оПнЩ,70,10,0,150,0,0,60,40,10,30,0,130,130,80
R11,оПнЩ,70,5,0,50,350,30,55,20,10,0,20,30,130,0
R01,ЖY,100,100,100,100,100,100,100,100,100,100,100,100,100,100
R02,ЖY,100,100,100,100,100,100,100,100,100,100,100,100,100,100
R03,ЖY,100,110,150,120,200,150,100,100,100,130,120,125,200,100
R04,ЖY,160,115,150,120,200,150,150,100,200,150,150,125,200,250
R05,ЖY,400,120,150,120,220,200,130,200,300,180,150,150,250,150
R06,ЖY,100,100,150,150,250,150,80,100,220,130,120,150,120,150
R07,ЖY,100,100,150,150,300,120,50,100,200,120,80,100,80,188
R08,ЖY,100,100,150,150,350,150,70,100,150,150,100,100,70,150
R09,ЖY,50,100,150,120,500,150,75,100,300,160,100,120,80,170
R10,ЖY,70,100,150,120,500,150,80,80,170,170,120,120,120,70
R11,ЖY,500,100,300,100,500,300,85,80,300,170,100,100,100,120
R01,нЯЖY,100,100,100,100,100,100,100,100,100,100,100,100,100,100
R02,нЯЖY,200,200,200,200,200,200,200,200,200,200,200,200,200,200
R03,нЯЖY,300,310,350,320,400,350,300,300,300,330,320,325,400,300
R04,нЯЖY,460,425,500,440,600,500,450,400,500,480,470,450,600,550
R05,нЯЖY,860,545,650,560,820,700,580,600,800,660,620,600,850,700
R06,нЯЖY,960,645,800,710,1070,850,660,700,1020,790,740,750,970,850
R07,нЯЖY,1060,745,950,860,1370,970,710,800,1220,910,820,850,1050,1038
R08,нЯЖY,1160,845,1100,1010,1720,1120,780,900,1370,1060,920,950,1120,1188
R09,нЯЖY,1210,945,1250,1130,2220,1270,855,1000,1670,1220,1020,1070,1200,1358
R10,нЯЖY,1280,1045,1400,1250,2720,1420,935,1080,1840,1390,1140,1190,1320,1428
R11,нЯЖY,1780,1145,1700,1350,3220,1720,1020,1160,2140,1560,1240,1290,1420,1548
R01,ЖYяp,10000,10000,10000,10000,10000,10000,10000,10000,10000,10000,10000,10000,10000,10000
R02,ЖYяp,10000,11000,15000,12000,20000,15000,10000,10000,10000,13000,12000,12500,20000,10000
R03,ЖYяp,16000,11500,15000,12000,20000,15000,15000,10000,20000,15000,15000,12500,20000,25000
R04,ЖYяp,40000,12000,15000,12000,22000,20000,13000,20000,30000,18000,15000,15000,25000,15000
R05,ЖYяp,10000,10000,15000,15000,25000,15000,8000,10000,22000,13000,12000,15000,12000,15000
R06,ЖYяp,10000,10000,15000,15000,30000,12000,5000,10000,20000,12000,8000,10000,8000,18800
R07,ЖYяp,10000,10000,15000,15000,35000,15000,7000,10000,15000,15000,10000,10000,7000,15000
R08,ЖYяp,5000,10000,15000,12000,50000,15000,7500,10000,30000,16000,10000,12000,8000,17000
R09,ЖYяp,7000,10000,15000,12000,50000,15000,8000,8000,17000,17000,12000,12000,12000,7000
R10,ЖYяp,50000,10000,30000,10000,50000,30000,8500,8000,30000,17000,10000,10000,10000,12000
R11,ЖYяp,10000,10000,15000,10000,15000,10000,9000,10000,50000,23000,8000,10000,10000,11000
R01,ЬТ\,100,100,100,100,100,100,100,100,100,100,100,100,100,100
R02,ЬТ\,100,100,100,100,100,100,100,100,100,100,100,100,100,100
R03,ЬТ\,100,110,150,120,200,150,100,100,100,130,120,125,200,100
R04,ЬТ\,160,115,150,120,200,150,150,100,200,150,150,125,200,250
R05,ЬТ\,400,120,150,120,220,200,130,200,300,180,150,150,250,150
R06,ЬТ\,100,100,150,150,250,150,80,100,220,130,120,150,120,150
R07,ЬТ\,100,100,150,150,300,120,50,100,200,120,80,100,80,188
R08,ЬТ\,100,100,150,150,350,150,70,100,150,150,100,100,70,150
R09,ЬТ\,50,100,150,120,500,150,75,100,300,160,100,120,80,170
R10,ЬТ\,70,100,150,120,500,150,80,80,170,170,120,120,120,70
R11,ЬТ\,500,100,300,100,500,300,85,80,300,170,100,100,100,120
R01,Xв,95,124,124,131,124,142,124,151,124,142,117,142,108,134
R02,Xв,119,119,145,123,109,102,109,115,109,111,136,138,116,113
R03,Xв,177,98,160,96,187,161,89,87,102,116,100,106,151,94
R04,Xв,298,71,120,90,132,97,76,119,170,104,93,87,142,209
R05,Xв,344,73,89,86,180,145,83,52,165,145,75,119,180,78
R06,Xв,81,89,155,169,245,169,89,98,177,127,114,127,137,112
R07,Xв,101,96,137,146,349,143,68,97,170,112,71,108,84,211
R08,Xв,95,100,151,151,381,175,70,90,125,135,96,102,88,130
R09,Xв,40,76,118,90,635,124,59,61,267,109,67,82,57,139
R10,Xв,52,90,151,112,461,171,94,69,112,179,116,125,112,80
R11,Xв,408,60,258,63,332,177,46,44,218,99,67,65,55,66
R01,нЯXв,95,124,124,131,124,142,124,151,124,142,117,142,108,134
R02,нЯXв,214,243,269,254,233,244,233,266,233,253,253,280,224,247
R03,нЯXв,391,341,429,350,420,405,322,353,335,369,353,386,375,341
R04,нЯXв,689,412,549,440,552,502,398,472,505,473,446,473,517,550
R05,нЯXв,1033,485,638,526,732,647,481,524,670,618,521,592,697,628
R06,нЯXв,1114,574,793,695,977,816,570,622,847,745,635,719,834,740
R07,нЯXв,1215,670,930,841,1326,959,638,719,1017,857,706,827,918,951
R08,нЯXв,1310,770,1081,992,1707,1134,708,809,1142,992,802,929,1006,1081
R09,нЯXв,1350,846,1199,1082,2342,1258,767,870,1409,1101,869,1011,1063,1220
R10,нЯXв,1402,936,1350,1194,2803,1429,861,939,1521,1280,985,1136,1175,1300
R11,нЯXв,1810,996,1608,1257,3135,1606,907,983,1739,1379,1052,1201,1230,1366
R01,Ь,95,100,100,100,100,100,100,100,100,100,100,100,100,100
R02,Ь,100,100,100,100,100,100,100,100,100,100,100,100,100,100
R03,Ь,100,98,150,96,187,150,89,87,100,116,100,106,151,94
R04,Ь,160,71,120,90,132,97,76,100,170,104,93,87,142,209
R05,Ь,344,73,89,86,180,145,83,52,165,145,75,119,180,78
R06,Ь,81,89,150,150,245,150,80,98,177,127,114,127,120,112
R07,Ь,100,96,137,146,300,120,50,97,170,112,71,100,80,188
R08,Ь,95,100,150,150,350,150,70,90,125,135,96,100,70,130
R09,Ь,40,76,118,90,500,124,59,61,267,109,67,82,57,139
R10,Ь,52,90,150,112,461,150,80,69,112,170,116,120,112,70
R11,Ь,408,60,258,63,332,177,46,44,218,99,67,65,55,66
R01,нЯЬ,95,100,100,100,100,100,100,100,100,100,100,100,100,100
R01,ш]р,25000,20000,20000,18000,20000,15000,20000,13000,20000,15000,22000,15000,25000,17000
R02,нЯЬ,195,200,200,200,200,200,200,200,200,200,200,200,200,200
R02,ш]р,55000,47000,40000,43000,50000,45000,50000,38000,50000,42000,45000,35000,55000,44500
R03,нЯЬ,295,298,350,296,387,350,289,287,300,316,300,306,351,294
R03,ш]р,61000,65100,60500,54200,70250,70000,69000,55000,75000,61400,57000,47900,57310,66150
R04,нЯЬ,455,369,470,386,519,447,365,387,470,420,393,393,493,503
R04,ш]р,41000,53275,54300,49800,45290,52600,42400,60000,65500,48976,39190,39350,36710,46550
R05,нЯЬ,799,442,559,472,699,592,448,439,635,565,468,512,673,581
R05,ш]р,-41400,30945,24270,33440,14290,19600,19650,-15540,-10450,25976,2690,21700,-9290,11454
R06,нЯЬ,880,531,709,622,944,742,528,537,812,692,582,639,793,693
R01,iиЙИ,0,24,24,31,24,42,24,51,24,42,17,42,8,34
R02,iиЙИ,19,19,45,23,9,2,9,15,9,11,36,38,16,13
R03,iиЙИ,77,0,10,0,0,11,0,0,2,0,0,0,0,0
R04,iиЙИ,138,0,0,0,0,0,0,19,0,0,0,0,0,0
R05,iиЙИ,0,0,0,0,0,0,0,0,0,0,0,0,0,0
R06,iиЙИ,0,0,5,19,0,19,9,0,0,0,0,0,17,0
R07,iиЙИ,1,0,0,0,49,23,18,0,0,0,0,8,4,23
R08,iиЙИ,0,0,1,1,31,25,0,0,0,0,0,2,18,0
R09,iиЙИ,0,0,0,0,135,0,0,0,0,0,0,0,0,0
R10,iиЙИ,0,0,1,0,0,21,14,0,0,9,0,5,0,10
R11,iиЙИ,0,0,0,0,0,0,0,0,0,0,0,0,0,0
R01,нЯiиЙИ,0,-24,-24,-31,-24,-42,-24,-51,-24,-42,-17,-42,-8,-34
R02,нЯiиЙИ,-19,-43,-69,-54,-33,-44,-33,-66,-33,-53,-53,-80,-24,-47
R03,нЯiиЙИ,-96,-43,-79,-54,-33,-55,-33,-66,-35,-53,-53,-80,-24,-47
R04,нЯiиЙИ,-234,-43,-79,-54,-33,-55,-33,-85,-35,-53,-53,-80,-24,-47
R05,нЯiиЙИ,-234,-43,-79,-54,-33,-55,-33,-85,-35,-53,-53,-80,-24,-47
R06,нЯiиЙИ,-234,-43,-84,-73,-33,-74,-42,-85,-35,-53,-53,-80,-41,-47
R07,нЯiиЙИ,-235,-43,-84,-73,-82,-97,-60,-85,-35,-53,-53,-88,-45,-70
R08,нЯiиЙИ,-235,-43,-85,-74,-113,-122,-60,-85,-35,-53,-53,-90,-63,-70
R09,нЯiиЙИ,-235,-43,-85,-74,-248,-122,-60,-85,-35,-53,-53,-90,-63,-70
R10,нЯiиЙИ,-235,-43,-86,-74,-248,-143,-74,-85,-35,-62,-53,-95,-63,-80
R11,нЯiиЙИ,-235,-43,-86,-74,-248,-143,-74,-85,-35,-62,-53,-95,-63,-80
R01,iиЙИрz,0,9600,9600,11780,9600,14700,9600,16830,9600,14700,7140,14700,3600,12580
R02,iиЙИрz,9500,8930,18000,10350,4500,1000,4500,6750,4500,5170,15480,15200,8000,6175
R03,iиЙИрz,20020,0,2700,0,0,3300,0,0,900,0,0,0,0,0
R04,iиЙИрz,0,0,0,0,0,0,0,4750,0,0,0,0,0,0
R05,iиЙИрz,0,0,0,0,0,0,0,0,0,0,0,0,0,0
R06,iиЙИрz,0,0,500,1520,0,1520,2250,0,0,0,0,0,2210,0
R07,iиЙИрz,240,0,0,0,0,2990,6300,0,0,0,0,1760,1080,1150
R08,iиЙИрz,0,0,150,150,0,2500,0,0,0,0,0,500,5400,0
R09,iиЙИрz,0,0,0,0,0,0,0,0,0,0,0,0,0,0
R10,iиЙИрz,0,0,120,0,0,1890,3500,0,0,720,0,850,0,3000
R11,iиЙИрz,0,0,0,0,0,0,0,0,0,0,0,0,0,0
R01,нЯiиЙИрz,0,-9600,-9600,-11780,-9600,-14700,-9600,-16830,-9600,-14700,-7140,-14700,-3600,-12580
R02,нЯiиЙИрz,-9500,-18530,-27600,-22130,-14100,-15700,-14100,-23580,-14100,-19870,-22620,-29900,-11600,-18755
R03,нЯiиЙИрz,-29520,-18530,-30300,-22130,-14100,-19000,-14100,-23580,-15000,-19870,-22620,-29900,-11600,-18755
R04,нЯiиЙИрz,-29520,-18530,-30300,-22130,-14100,-19000,-14100,-28330,-15000,-19870,-22620,-29900,-11600,-18755
R05,нЯiиЙИрz,-29520,-18530,-30300,-22130,-14100,-19000,-14100,-28330,-15000,-19870,-22620,-29900,-11600,-18755
R06,нЯiиЙИрz,-29520,-18530,-30800,-23650,-14100,-20520,-16350,-28330,-15000,-19870,-22620,-29900,-13810,-18755
R07,нЯiиЙИрz,-29760,-18530,-30800,-23650,-14100,-23510,-22650,-28330,-15000,-19870,-22620,-31660,-14890,-19905
R08,нЯiиЙИрz,-29760,-18530,-30950,-23800,-14100,-26010,-22650,-28330,-15000,-19870,-22620,-32160,-20290,-19905
R09,нЯiиЙИрz,-29760,-18530,-30950,-23800,-14100,-26010,-22650,-28330,-15000,-19870,-22620,-32160,-20290,-19905
R10,нЯiиЙИрz,-29760,-18530,-31070,-23800,-14100,-27900,-26150,-28330,-15000,-20590,-22620,-33010,-20290,-22905
R11,нЯiиЙИрz,-29760,-18530,-31070,-23800,-14100,-27900,-26150,-28330,-15000,-20590,-22620,-33010,-20290,-22905
R01,ЛiнЩ,0,0,0,0,0,0,0,0,0,0,0,0,0,0
R02,ЛiнЩ,0,0,0,0,0,0,0,0,0,0,0,0,0,0
R03,ЛiнЩ,0,0,0,0,0,0,0,0,0,0,0,0,0,0
R04,ЛiнЩ,0,0,0,0,0,0,0,0,0,0,0,0,0,0
R05,ЛiнЩ,0,0,0,0,0,0,0,0,0,0,0,0,0,0
R06,ЛiнЩ,0,0,0,0,0,0,0,0,0,0,0,0,0,0
R07,ЛiнЩ,0,0,0,0,0,0,0,0,0,0,0,0,0,0
R08,ЛiнЩ,0,0,0,0,0,0,0,0,0,0,0,0,0,0
R09,ЛiнЩ,0,0,0,0,0,0,0,0,0,0,0,0,0,0
R10,ЛiнЩ,0,0,0,0,0,0,0,0,0,0,0,0,0,0
R11,ЛiнЩ,0,0,0,0,0,0,0,0,0,0,0,0,0,0
R01,pќ,5,0,0,0,0,0,0,0,0,0,0,0,0,0
R02,pќ,0,0,0,0,0,0,0,0,0,0,0,0,0,0
R03,pќ,0,12,0,24,13,0,11,13,0,14,20,19,49,6
R04,pќ,0,44,30,30,68,53,74,0,30,46,57,38,58,41
R05,pќ,56,47,61,34,40,55,47,148,135,35,75,31,70,72
R06,pќ,19,11,0,0,5,0,0,2,43,3,6,23,0,38
R07,pќ,0,4,13,4,0,0,0,3,30,8,9,0,0,0
R08,pќ,5,0,0,0,0,0,0,10,25,15,4,0,0,20
R09,pќ,10,24,32,30,0,26,16,39,33,51,33,38,23,31
R10,pќ,18,10,0,8,39,0,0,11,58,0,4,0,8,0
R11,pќ,92,40,42,37,168,123,39,36,82,71,33,35,45,54
R01,нЯpќ,-5,0,0,0,0,0,0,0,0,0,0,0,0,0
R02,нЯpќ,-5,0,0,0,0,0,0,0,0,0,0,0,0,0
R03,нЯpќ,-5,-12,0,-24,-13,0,-11,-13,0,-14,-20,-19,-49,-6
R04,нЯpќ,-5,-56,-30,-54,-81,-53,-85,-13,-30,-60,-77,-57,-107,-47
R05,нЯpќ,-61,-103,-91,-88,-121,-108,-132,-161,-165,-95,-152,-88,-177,-119
R06,нЯpќ,-80,-114,-91,-88,-126,-108,-132,-163,-208,-98,-158,-111,-177,-157
R07,нЯpќ,-80,-118,-104,-92,-126,-108,-132,-166,-238,-106,-167,-111,-177,-157
R08,нЯpќ,-85,-118,-104,-92,-126,-108,-132,-176,-263,-121,-171,-111,-177,-177
R09,нЯpќ,-95,-142,-136,-122,-126,-134,-148,-215,-296,-172,-204,-149,-200,-208
R10,нЯpќ,-113,-152,-136,-130,-165,-134,-148,-226,-354,-172,-208,-149,-208,-208
R11,нЯpќ,-205,-192,-178,-167,-333,-257,-187,-262,-436,-243,-241,-184,-253,-262
R01,нЯpќрz,-2500,0,0,0,0,0,0,0,0,0,0,0,0,0
R02,нЯpќрz,-2500,0,0,0,0,0,0,0,0,0,0,0,0,0
R03,нЯpќрz,-2500,-6000,0,-12000,-6500,0,-5500,-6500,0,-7000,-10000,-9500,-24500,-3000
R04,нЯpќрz,-2500,-28000,-15000,-27000,-40500,-26500,-42500,-6500,-15000,-30000,-38500,-28500,-53500,-23500
R05,нЯpќрz,-30500,-51500,-45500,-44000,-60500,-54000,-66000,-80500,-82500,-47500,-76000,-44000,-88500,-59500
R06,нЯpќрz,-40000,-57000,-45500,-44000,-63000,-54000,-66000,-81500,-104000,-49000,-79000,-55500,-88500,-78500
R07,нЯpќрz,-40000,-59000,-52000,-46000,-63000,-54000,-66000,-83000,-119000,-53000,-83500,-55500,-88500,-78500
R08,нЯpќрz,-42500,-59000,-52000,-46000,-63000,-54000,-66000,-88000,-131500,-60500,-85500,-55500,-88500,-88500
R09,нЯpќрz,-47500,-71000,-68000,-61000,-63000,-67000,-74000,-107500,-148000,-86000,-102000,-74500,-100000,-104000
R10,нЯpќрz,-56500,-76000,-68000,-65000,-82500,-67000,-74000,-113000,-177000,-86000,-104000,-74500,-104000,-104000
R11,нЯpќрz,-102500,-96000,-89000,-83500,-166500,-128500,-93500,-131000,-218000,-121500,-120500,-92000,-126500,-131000
R01,у,95000,90000,90000,88000,90000,85000,90000,83000,90000,85000,92000,85000,95000,87000
R02,у,100000,97000,90000,95000,100000,100000,100000,95000,100000,97000,93000,90000,100000,97500
R03,у,76000,93100,115500,91200,140250,120000,89000,87000,95000,104400,92000,95400,122310,91650
R04,у,80000,65675,88800,75600,95040,77600,68400,75000,110500,82576,77190,73950,99400,125400
R05,у,137600,57670,64970,63640,99000,87000,62250,44460,94050,87000,58500,77350,99000,59904
R06,у,63180,66750,90000,87000,122500,87000,60000,70560,100890,82550,77520,82550,75600,76608
R07,у,74000,72480,89050,91250,135000,75600,42500,72750,102000,79520,60350,72000,61600,103400
R08,у,74100,76500,97500,97500,154000,90000,59500,72000,87500,91800,74880,75000,56000,87360
R09,у,40000,59128,76700,65250,165000,76880,50740,51850,125490,73466,54940,61500,47310,84790
R10,у,49400,68850,93000,78400,175180,88500,60000,58650,78400,98600,80040,80400,78400,56000
R11,у,142800,45300,108360,46620,126160,84960,36800,37400,98100,60093,48240,46800,42900,46860
R01,нЯу,95000,90000,90000,88000,90000,85000,90000,83000,90000,85000,92000,85000,95000,87000
R02,нЯу,195000,187000,180000,183000,190000,185000,190000,178000,190000,182000,185000,175000,195000,184500
R03,нЯу,271000,280100,295500,274200,330250,305000,279000,265000,285000,286400,277000,270400,317310,276150
R04,нЯу,351000,345775,384300,349800,425290,382600,347400,340000,395500,368976,354190,344350,416710,401550
R05,нЯу,488600,403445,449270,413440,524290,469600,409650,384460,489550,455976,412690,421700,515710,461454
R06,нЯу,551780,470195,539270,500440,646790,556600,469650,455020,590440,538526,490210,504250,591310,538062
R07,нЯу,625780,542675,628320,591690,781790,632200,512150,527770,692440,618046,550560,576250,652910,641462
R08,нЯу,699880,619175,725820,689190,935790,722200,571650,599770,779940,709846,625440,651250,708910,728822
R09,нЯу,739880,678303,802520,754440,1100790,799080,622390,651620,905430,783312,680380,712750,756220,813612
R10,нЯу,789280,747153,895520,832840,1275970,887580,682390,710270,983830,881912,760420,793150,834620,869612
R11,нЯу,932080,792453,1003880,879460,1402130,972540,719190,747670,1081930,942005,808660,839950,877520,916472
R01,иќр,0,0,0,0,0,0,0,0,0,0,0,0,0,0
R02,иќр,0,0,0,0,0,0,0,0,0,0,0,0,0,0
R03,иќр,0,0,0,0,0,0,0,0,0,0,0,0,0,0
R04,иќр,0,0,0,0,0,0,0,0,0,0,0,0,0,0
R05,иќр,0,0,0,0,0,0,0,0,0,0,0,0,0,0
R06,иќр,0,0,0,0,0,0,0,0,0,0,0,0,0,0
R07,иќр,0,0,0,0,40210,0,0,0,0,0,0,0,0,0
R08,иќр,0,0,0,0,78011,0,0,0,0,0,0,0,0,0
R09,иќр,0,0,0,0,110911,0,0,0,8570,0,0,0,0,0
R10,иќр,78720,0,0,0,74277,0,0,0,32029,0,0,0,0,0
R11,иќр,0,0,0,0,124010,0,0,0,173930,0,0,0,0,0
R01,xЅЇ,0,0,0,0,0,0,0,0,0,0,0,0,0,0
R02,xЅЇ,0,0,0,0,0,0,0,0,0,0,0,0,0,0
R03,xЅЇ,0,0,0,0,0,0,0,0,0,0,0,0,0,0
R04,xЅЇ,0,0,0,0,0,0,0,0,0,0,0,0,0,0
R05,xЅЇ,0,0,0,0,0,0,0,0,0,0,0,0,0,0
R06,xЅЇ,0,0,0,0,0,0,0,0,0,0,0,0,0,0
R07,xЅЇ,0,0,0,0,0,0,0,0,0,0,0,0,0,0
R08,xЅЇ,0,0,0,0,2011,0,0,0,0,0,0,0,0,0
R09,xЅЇ,0,0,0,0,5911,0,0,0,0,0,0,0,0,0
R10,xЅЇ,0,0,0,0,11457,0,0,0,429,0,0,0,0,0
R11,xЅЇ,3936,0,0,0,15170,0,0,0,2030,0,0,0,0,0
R01,Лрћx,25000,20000,20000,18000,20000,15000,20000,13000,20000,15000,22000,15000,25000,17000
R02,Лрћx,-50000,18000,-5000,3000,-60000,-15000,-10000,25000,-10000,-16000,-19000,7500,-20000,-12500
R03,Лрћx,-80000,13600,500,-800,20250,25000,14000,17000,-65000,17400,-23000,12900,2310,-13350
R04,Лрћx,-60000,-16325,-6200,-16400,-26960,-22400,-44600,-85000,-59500,-15424,2190,-21050,-45600,30400
R05,Лрћx,67600,-18330,-50030,-91360,-26000,-28000,-17750,-25540,-67950,-18000,-21500,-17650,-33000,-55096
R06,Лрћx,13180,4750,-25000,28000,-47500,-5000,-5000,560,20890,10550,1520,12550,7600,-37392
R07,Лрћx,-16000,2480,14050,-3750,-79790,-7400,-4500,2750,27000,4520,-1650,-38000,34600,8400
R08,Лрћx,-10900,6500,-17500,5500,0,-5000,32000,42000,-42500,-24200,4880,-5000,-32000,2360
R09,Лрћx,-67000,-8872,-18300,5250,0,-38120,2740,-16150,-22940,-27534,-17060,-10500,-24690,9790
R10,Лрћx,-21880,-1150,-17000,400,0,-41500,11500,-9350,0,-6400,42040,-9600,8400,-36000
R11,Лрћx,68864,-22700,13360,16620,0,2960,-26200,-24600,0,-62907,-19760,16800,-27100,3860
R01,нЯЛрћx,25000,20000,20000,18000,20000,15000,20000,13000,20000,15000,22000,15000,25000,17000
R02,нЯЛрћx,-25000,38000,15000,21000,-40000,0,10000,38000,10000,-1000,3000,22500,5000,4500
R03,нЯЛрћx,-105000,51600,15500,20200,-19750,25000,24000,55000,-55000,16400,-20000,35400,7310,-8850
R04,нЯЛрћx,-165000,35275,9300,3800,-46710,2600,-20600,-30000,-114500,976,-17810,14350,-38290,21550
R05,нЯЛрћx,-97400,16945,-40730,-87560,-72710,-25400,-38350,-55540,-182450,-17024,-39310,-3300,-71290,-33546
R06,нЯЛрћx,-84220,21695,-65730,-59560,-120210,-30400,-43350,-54980,-161560,-6474,-37790,9250,-63690,-70938
R07,нЯЛрћx,-100220,24175,-51680,-63310,-200000,-37800,-47850,-52230,-134560,-1954,-39440,-28750,-29090,-62538
R08,нЯЛрћx,-111120,30675,-69180,-57810,-200000,-42800,-15850,-10230,-177060,-26154,-34560,-33750,-61090,-60178
R09,нЯЛрћx,-178120,21803,-87480,-52560,-200000,-80920,-13110,-26380,-200000,-53688,-51620,-44250,-85780,-50388
R10,нЯЛрћx,-200000,20653,-104480,-52160,-200000,-122420,-1610,-35730,-200000,-60088,-9580,-53850,-77380,-86388
R11,нЯЛрћx,-131136,-2047,-91120,-35540,-200000,-119460,-27810,-60330,-200000,-122995,-29340,-37050,-104480,-82528
R01,Лрр,225000,220000,220000,218000,220000,215000,220000,213000,220000,215000,222000,215000,225000,217000
R02,Лрр,175000,238000,215000,221000,160000,200000,210000,238000,210000,199000,203000,222500,205000,204500
R03,Лрр,95000,251600,215500,220200,180250,225000,224000,255000,145000,216400,180000,235400,207310,191150
R04,Лрр,35000,235275,209300,203800,153290,202600,179400,170000,85500,200976,182190,214350,161710,221550
R05,Лрр,102600,216945,159270,112440,127290,174600,161650,144460,17550,182976,160690,196700,128710,166454
R06,Лрр,115780,221695,134270,140440,79790,169600,156650,145020,38440,193526,162210,209250,136310,129062
R07,Лрр,99780,224175,148320,136690,0,162200,152150,147770,65440,198046,160560,171250,170910,137462
R08,Лрр,88880,230675,130820,142190,0,157200,184150,189770,22940,173846,165440,166250,138910,139822
R09,Лрр,21880,221803,112520,147440,0,119080,186890,173620,0,146312,148380,155750,114220,149612
R10,Лрр,0,220653,95520,147840,0,77580,198390,164270,0,139912,190420,146150,122620,113612
R11,Лрр,68864,197953,108880,164460,0,80540,172190,139670,0,77005,170660,162950,95520,117472
R01,оПнЩрz,0,0,0,0,0,0,0,0,0,0,0,0,0,0
R02,оПнЩрz,80000,4000,0,12000,40000,20000,40000,0,40000,28000,32000,0,0,40000
R03,оПнЩрz,136000,6000,20000,24000,40000,20000,20000,0,80000,20000,52000,0,0,0
R04,оПнЩрz,56000,8000,20000,36000,32000,0,48000,40000,80000,8000,32000,0,0,0
R05,оПнЩрz,56000,14000,40000,96000,12000,20000,68000,40000,112000,28000,32000,0,52000,20000
R06,оПнЩрz,36000,6000,60000,60000,12000,32000,88000,40000,72000,20000,48000,0,60000,20000
R07,оПнЩрz,56000,6000,40000,60000,72000,20000,80000,40000,52000,0,40000,40000,32000,20000
R08,оПнЩрz,96000,6000,60000,72000,32000,20000,50000,0,12000,16000,40000,40000,60000,0
R09,оПнЩрz,148000,4000,60000,52000,32000,40000,38000,8000,64000,12000,32000,32000,52000,20000
R10,оПнЩрz,28000,4000,0,60000,0,0,24000,16000,4000,12000,0,52000,52000,32000
R11,оПнЩрz,28000,2000,0,20000,140000,12000,22000,8000,4000,0,8000,12000,52000,0
R01,ЖYd|нЩрz,50000,50000,50000,50000,50000,50000,50000,50000,50000,50000,50000,50000,50000,50000
R02,ЖYd|нЩрz,50000,55000,75000,60000,100000,75000,50000,50000,50000,65000,60000,62500,100000,50000
R03,ЖYd|нЩрz,80000,57500,75000,60000,100000,75000,75000,50000,100000,75000,75000,62500,100000,125000
R04,ЖYd|нЩрz,200000,60000,75000,60000,110000,100000,65000,100000,150000,90000,75000,75000,125000,75000
R05,ЖYd|нЩрz,50000,50000,75000,75000,125000,75000,40000,50000,110000,65000,60000,75000,60000,75000
R06,ЖYd|нЩрz,50000,50000,75000,75000,150000,60000,25000,50000,100000,60000,40000,50000,40000,94000
R07,ЖYd|нЩрz,50000,50000,75000,75000,175000,75000,35000,50000,75000,75000,50000,50000,35000,75000
R08,ЖYd|нЩрz,25000,50000,75000,60000,250000,75000,37500,50000,150000,80000,50000,60000,40000,85000
R09,ЖYd|нЩрz,35000,50000,75000,60000,250000,75000,40000,40000,85000,85000,60000,60000,60000,35000
R10,ЖYd|нЩрz,250000,50000,150000,50000,250000,150000,42500,40000,150000,85000,50000,50000,50000,60000
R11,ЖYd|нЩрz,50000,50000,75000,50000,75000,50000,45000,50000,250000,115000,40000,50000,50000,55000
R01,IЕY,50000,50000,50000,50000,50000,50000,50000,50000,50000,50000,50000,50000,50000,50000
R02,IЕY,130000,59000,75000,72000,140000,95000,90000,50000,90000,93000,92000,62500,100000,90000
R03,IЕY,216000,63500,95000,84000,140000,95000,95000,50000,180000,95000,127000,62500,100000,125000
R04,IЕY,256000,68000,95000,96000,142000,100000,113000,140000,230000,98000,107000,75000,125000,75000
R05,IЕY,106000,64000,115000,171000,137000,95000,108000,90000,222000,93000,92000,75000,112000,95000
R06,IЕY,86000,56000,135000,135000,162000,92000,113000,90000,172000,80000,88000,50000,100000,114000
R07,IЕY,106000,56000,115000,135000,247000,95000,115000,90000,127000,75000,90000,90000,67000,95000
R08,IЕY,121000,56000,135000,132000,282000,95000,87500,50000,162000,96000,90000,100000,100000,85000
R09,IЕY,183000,54000,135000,112000,282000,115000,78000,48000,149000,97000,92000,92000,112000,55000
R10,IЕY,278000,54000,150000,110000,250000,150000,66500,56000,154000,97000,50000,102000,102000,92000
R11,IЕY,78000,52000,75000,70000,215000,62000,67000,58000,254000,115000,48000,62000,102000,55000
R01,ХшY,250000,250000,250000,250000,250000,250000,250000,250000,250000,250000,250000,250000,250000,250000
R02,ХшY,250000,250000,250000,250000,250000,250000,250000,250000,250000,250000,250000,250000,250000,250000
R03,ХшY,250000,250000,250000,250000,250000,250000,250000,250000,250000,250000,250000,250000,250000,250000
R04,ХшY,250000,250000,250000,250000,250000,250000,250000,250000,250000,250000,250000,250000,250000,250000
R05,ХшY,250000,250000,250000,250000,250000,250000,250000,250000,250000,250000,250000,250000,250000,250000
R06,ХшY,250000,250000,250000,250000,250000,250000,250000,250000,250000,250000,250000,250000,250000,250000
R07,ХшY,250000,250000,250000,250000,250000,250000,250000,250000,250000,250000,250000,250000,250000,250000
R08,ХшY,250000,250000,250000,250000,250000,250000,250000,250000,250000,250000,250000,250000,250000,250000
R09,ХшY,250000,250000,250000,250000,250000,250000,250000,250000,250000,250000,250000,250000,250000,250000
R10,ХшY,250000,250000,250000,250000,250000,250000,250000,250000,250000,250000,250000,250000,250000,250000
R11,ХшY,250000,250000,250000,250000,250000,250000,250000,250000,250000,250000,250000,250000,250000,250000
R01,Yv,525000,520000,520000,518000,520000,515000,520000,513000,520000,515000,522000,515000,525000,517000
R02,Yv,555000,547000,540000,543000,550000,545000,550000,538000,550000,542000,545000,535000,555000,544500
R03,Yv,561000,565100,560500,554200,570250,570000,569000,555000,575000,561400,557000,547900,557310,566150
R04,Yv,541000,553275,554300,549800,545290,552600,542400,560000,565500,548976,539190,539350,536710,546550
R05,Yv,458600,530945,524270,533440,514290,519600,519650,484460,489550,525976,502690,521700,490710,511454
R06,Yv,451780,527695,519270,525440,491790,511600,519650,485020,460440,523526,500210,509250,486310,493062
R07,Yv,455780,530175,513320,521690,497000,507200,517150,487770,442440,523046,500560,511250,487910,482462
R08,Yv,459880,536675,515820,524190,532000,502200,521650,489770,434940,519846,505440,516250,488910,474822
R09,Yv,454880,525803,497520,509440,532000,484080,514890,471620,399000,493312,490380,497750,476220,454612
R10,Yv,528000,524653,495520,507840,500000,477580,514890,470270,404000,486912,490420,498150,474620,455612
R11,Yv,396864,499953,433880,484460,465000,392540,489190,447670,504000,442005,468660,474950,447520,422472
R01,уДП,50000,50000,50000,50000,50000,50000,50000,50000,50000,50000,50000,50000,50000,50000
R02,уДП,50000,50000,50000,50000,50000,50000,50000,50000,50000,50000,50000,50000,50000,50000
R03,уДП,50000,55000,75000,60000,100000,75000,50000,50000,50000,65000,60000,62500,100000,50000
R04,уДП,80000,57500,75000,60000,100000,75000,75000,50000,100000,75000,75000,62500,100000,125000
R05,уДП,200000,60000,75000,60000,110000,100000,65000,100000,150000,90000,75000,75000,125000,75000
R06,уДП,50000,50000,75000,75000,125000,75000,40000,50000,110000,65000,60000,75000,60000,75000
R07,уДП,50000,50000,75000,75000,150000,60000,25000,50000,100000,60000,40000,50000,40000,94000
R08,уДП,50000,50000,75000,75000,175000,75000,35000,50000,75000,75000,50000,50000,35000,75000
R09,уДП,25000,50000,75000,60000,250000,75000,37500,50000,150000,80000,50000,60000,40000,85000
R10,уДП,35000,50000,75000,60000,250000,75000,40000,40000,85000,85000,60000,60000,60000,35000
R11,уДП,250000,50000,150000,50000,250000,150000,42500,40000,150000,85000,50000,50000,50000,60000
R01,уv,45000,40000,40000,38000,40000,35000,40000,33000,40000,35000,42000,35000,45000,37000
R02,уv,50000,47000,40000,45000,50000,50000,50000,45000,50000,47000,43000,40000,50000,47500
R03,уv,26000,38100,40500,31200,40250,45000,39000,37000,45000,39400,32000,32900,22310,41650
R04,уv,0,8175,13800,15600,-4960,2600,-6600,25000,10500,7576,2190,11450,-600,400
R05,уv,-62400,-2330,-10030,3640,-11000,-13000,-2750,-55540,-55950,-3000,-16500,2350,-26000,-15096
R06,уv,13180,16750,15000,12000,-2500,12000,20000,20560,-9110,17550,17520,7550,15600,1608
R07,уv,24000,22480,14050,16250,-15000,15600,17500,22750,2000,19520,20350,22000,21600,9400
R08,уv,24100,26500,22500,22500,-21000,15000,24500,22000,12500,16800,24880,25000,21000,12360
R09,уv,15000,9128,1700,5250,-85000,1880,13240,1850,-24510,-6534,4940,1500,7310,-210
R10,уv,14400,18850,18000,18400,-74820,13500,20000,18650,-6600,13600,20040,20400,18400,21000
R11,уv,-107200,-4700,-41640,-3380,-123840,-65040,-5700,-2600,-51900,-24907,-1760,-3200,-7100,-13140
R01,cЦv,25000,20000,20000,18000,20000,15000,20000,13000,20000,15000,22000,15000,25000,17000
R02,cЦv,30000,27000,20000,25000,30000,30000,30000,25000,30000,27000,23000,20000,30000,27500
R03,cЦv,6000,18100,20500,11200,20250,25000,19000,17000,25000,19400,12000,12900,2310,21650
R04,cЦv,-20000,-11825,-6200,-4400,-24960,-17400,-26600,5000,-9500,-12424,-17810,-8550,-20600,-19600
R05,cЦv,-82400,-22330,-30030,-16360,-31000,-33000,-22750,-75540,-75950,-23000,-36500,-17650,-46000,-35096
R06,cЦv,-6820,-3250,-5000,-8000,-22500,-8000,0,560,-29110,-2450,-2480,-12450,-4400,-18392
R07,cЦv,4000,2480,-5950,-3750,-35000,-4400,-2500,2750,-18000,-480,350,2000,1600,-10600
R08,cЦv,4100,6500,2500,2500,-41000,-5000,4500,2000,-7500,-3200,4880,5000,1000,-7640
R09,cЦv,-5000,-10872,-18300,-14750,-105000,-18120,-6760,-18150,-44510,-26534,-15060,-18500,-12690,-20210
R10,cЦv,-5600,-1150,-2000,-1600,-94820,-6500,0,-1350,-26600,-6400,40,400,-1600,1000
R11,cЦv,-127200,-24700,-61640,-23380,-143840,-85040,-25700,-22600,-71900,-44907,-21760,-23200,-27100,-33140
R01,oэv,25000,20000,20000,18000,20000,15000,20000,13000,20000,15000,22000,15000,25000,17000
R02,oэv,30000,27000,20000,25000,30000,30000,30000,25000,30000,27000,23000,20000,30000,27500
R03,oэv,6000,18100,20500,11200,20250,25000,19000,17000,25000,19400,12000,12900,2310,21650
R04,oэv,-20000,-11825,-6200,-4400,-24960,-17400,-26600,5000,-9500,-12424,-17810,-8550,-20600,-19600
R05,oэv,-82400,-22330,-30030,-16360,-31000,-33000,-22750,-75540,-75950,-23000,-36500,-17650,-46000,-35096
R06,oэv,-6820,-3250,-5000,-8000,-22500,-8000,0,560,-29110,-2450,-2480,-12450,-4400,-18392
R07,oэv,4000,2480,-5950,-3750,-35000,-4400,-2500,2750,-18000,-480,350,2000,1600,-10600
R08,oэv,4100,6500,2500,2500,-43011,-5000,4500,2000,-7500,-3200,4880,5000,1000,-7640
R09,oэv,-5000,-10872,-18300,-14750,-110911,-18120,-6760,-18150,-44510,-26534,-15060,-18500,-12690,-20210
R10,oэv,-5600,-1150,-2000,-1600,-106277,-6500,0,-1350,-27029,-6400,40,400,-1600,1000
R11,oэv,-131136,-24700,-61640,-23380,-159010,-85040,-25700,-22600,-73930,-44907,-21760,-23200,-27100,-33140
R01,ЌЎТ,0,0,0,0,0,0,0,0,0,0,0,0,0,0
R02,ЌЎТ,0,0,0,0,0,0,0,0,0,0,0,0,0,0
R03,ЌЎТ,0,0,0,0,0,0,0,0,0,0,0,0,0,0
R04,ЌЎТ,0,0,0,0,0,0,0,0,0,0,0,0,0,0
R05,ЌЎТ,0,0,0,0,0,0,0,0,0,0,0,0,0,0
R06,ЌЎТ,0,0,0,0,0,0,0,0,0,0,0,0,0,0
R07,ЌЎТ,0,0,0,0,40210,0,0,0,0,0,0,0,0,0
R08,ЌЎТ,0,0,0,0,118221,0,0,0,0,0,0,0,0,0
R09,ЌЎТ,0,0,0,0,229132,0,0,0,8570,0,0,0,0,0
R10,ЌЎТ,78720,0,0,0,303408,0,0,0,40599,0,0,0,0,0
R11,ЌЎТ,78720,0,0,0,427419,0,0,0,214528,0,0,0,0,0
R06,ш]р,-48220,27695,19270,25440,-8210,11600,19650,-14980,-39560,23526,210,9250,-13690,-6938
R07,нЯЬ,980,627,846,768,1244,862,578,634,982,804,653,739,873,881
R07,ш]р,-44220,30175,13320,21690,-43210,7200,17150,-12230,-57560,23046,560,11250,-12090,-17538
R08,нЯЬ,1075,727,996,918,1594,1012,648,724,1107,939,749,839,943,1011
R08,ш]р,-40120,36675,15820,24190,-86221,2200,21650,-10230,-65060,19846,5440,16250,-11090,-25178
R09,нЯЬ,1115,803,1114,1008,2094,1136,707,785,1374,1048,816,921,1000,1150
R09,ш]р,-45120,25803,-2480,9440,-197132,-15920,14890,-28380,-109570,-6688,-9620,-2250,-23780,-45388
R10,нЯЬ,1167,893,1264,1120,2555,1286,787,854,1486,1218,932,1041,1112,1220
R10,ш]р,-50720,24653,-4480,7840,-303408,-22420,14890,-29730,-136599,-13088,-9580,-1850,-25380,-44388
R11,нЯЬ,1575,953,1522,1183,2887,1463,833,898,1704,1317,999,1106,1167,1286
R11,ш]р,-181856,-47,-66120,-15540,-462419,-107460,-10810,-52330,-210528,-57995,-31340,-25050,-52480,-77528
R01,{р,500000,500000,500000,500000,500000,500000,500000,500000,500000,500000,500000,500000,500000,500000
R02,{р,500000,500000,500000,500000,500000,500000,500000,500000,500000,500000,500000,500000,500000,500000
R03,{р,500000,500000,500000,500000,500000,500000,500000,500000,500000,500000,500000,500000,500000,500000
R04,{р,500000,500000,500000,500000,500000,500000,500000,500000,500000,500000,500000,500000,500000,500000
R05,{р,500000,500000,500000,500000,500000,500000,500000,500000,500000,500000,500000,500000,500000,500000
R06,{р,500000,500000,500000,500000,500000,500000,500000,500000,500000,500000,500000,500000,500000,500000
R07,{р,500000,500000,500000,500000,500000,500000,500000,500000,500000,500000,500000,500000,500000,500000
R08,{р,500000,500000,500000,500000,500000,500000,500000,500000,500000,500000,500000,500000,500000,500000
R09,{р,500000,500000,500000,500000,500000,500000,500000,500000,500000,500000,500000,500000,500000,500000
R10,{р,500000,500000,500000,500000,500000,500000,500000,500000,500000,500000,500000,500000,500000,500000
R11,{р,500000,500000,500000,500000,500000,500000,500000,500000,500000,500000,500000,500000,500000,500000
R01,{Тv,525000,520000,520000,518000,520000,515000,520000,513000,520000,515000,522000,515000,525000,517000
R02,{Тv,555000,547000,540000,543000,550000,545000,550000,538000,550000,542000,545000,535000,555000,544500
R03,{Тv,561000,565100,560500,554200,570250,570000,569000,555000,575000,561400,557000,547900,557310,566150
R04,{Тv,541000,553275,554300,549800,545290,552600,542400,560000,565500,548976,539190,539350,536710,546550
R05,{Тv,458600,530945,524270,533440,514290,519600,519650,484460,489550,525976,502690,521700,490710,511454
R06,{Тv,451780,527695,519270,525440,491790,511600,519650,485020,460440,523526,500210,509250,486310,493062
R07,{Тv,455780,530175,513320,521690,497000,507200,517150,487770,442440,523046,500560,511250,487910,482462
R08,{Тv,459880,536675,515820,524190,532000,502200,521650,489770,434940,519846,505440,516250,488910,474822
R09,{Тv,454880,525803,497520,509440,532000,484080,514890,471620,399000,493312,490380,497750,476220,454612
R10,{Тv,528000,524653,495520,507840,500000,477580,514890,470270,404000,486912,490420,498150,474620,455612
R11,{Тv,396864,499953,433880,484460,465000,392540,489190,447670,504000,442005,468660,474950,447520,422472
