Round,変数,T01,T02,T03,T04,T05,T06,T07,T08,T09,T10,T11,T12,T13,T14
R01,商品需要,"1,781","1,781","1,781","1,781","1,781","1,781","1,781","1,781","1,781","1,781","1,781","1,781","1,781","1,781"
R02,商品需要,"1,817","1,817","1,817","1,817","1,817","1,817","1,817","1,817","1,817","1,817","1,817","1,817","1,817","1,817"
R03,商品需要,"1,829","1,829","1,829","1,829","1,829","1,829","1,829","1,829","1,829","1,829","1,829","1,829","1,829","1,829"
R04,商品需要,"1,848","1,848","1,848","1,848","1,848","1,848","1,848","1,848","1,848","1,848","1,848","1,848","1,848","1,848"
R05,商品需要,"1,875","1,875","1,875","1,875","1,875","1,875","1,875","1,875","1,875","1,875","1,875","1,875","1,875","1,875"
R06,商品需要,"1,889","1,889","1,889","1,889","1,889","1,889","1,889","1,889","1,889","1,889","1,889","1,889","1,889","1,889"
R07,商品需要,"1,920","1,920","1,920","1,920","1,920","1,920","1,920","1,920","1,920","1,920","1,920","1,920","1,920","1,920"
R08,商品需要,"1,940","1,940","1,940","1,940","1,940","1,940","1,940","1,940","1,940","1,940","1,940","1,940","1,940","1,940"
R09,商品需要,"1,956","1,956","1,956","1,956","1,956","1,956","1,956","1,956","1,956","1,956","1,956","1,956","1,956","1,956"
R10,商品需要,"1,978","1,978","1,978","1,978","1,978","1,978","1,978","1,978","1,978","1,978","1,978","1,978","1,978","1,978"
R11,商品需要,"1,982","1,982","1,982","1,982","1,982","1,982","1,982","1,982","1,982","1,982","1,982","1,982","1,982","1,982"
R01,一般管理費,"20,000","20,000","20,000","20,000","20,000","20,000","20,000","20,000","20,000","20,000","20,000","20,000","20,000","20,000"
R02,一般管理費,"20,000","20,000","20,000","20,000","20,000","20,000","20,000","20,000","20,000","20,000","20,000","20,000","20,000","20,000"
R03,一般管理費,"20,000","20,000","20,000","20,000","20,000","20,000","20,000","20,000","20,000","20,000","20,000","20,000","20,000","20,000"
R04,一般管理費,"20,000","20,000","20,000","20,000","20,000","20,000","20,000","20,000","20,000","20,000","20,000","20,000","20,000","20,000"
R05,一般管理費,"20,000","20,000","20,000","20,000","20,000","20,000","20,000","20,000","20,000","20,000","20,000","20,000","20,000","20,000"
R06,一般管理費,"20,000","20,000","20,000","20,000","20,000","20,000","20,000","20,000","20,000","20,000","20,000","20,000","20,000","20,000"
R07,一般管理費,"20,000","20,000","20,000","20,000","20,000","20,000","20,000","20,000","20,000","20,000","20,000","20,000","20,000","20,000"
R08,一般管理費,"20,000","20,000","20,000","20,000","20,000","20,000","20,000","20,000","20,000","20,000","20,000","20,000","20,000","20,000"
R09,一般管理費,"20,000","20,000","20,000","20,000","20,000","20,000","20,000","20,000","20,000","20,000","20,000","20,000","20,000","20,000"
R10,一般管理費,"20,000","20,000","20,000","20,000","20,000","20,000","20,000","20,000","20,000","20,000","20,000","20,000","20,000","20,000"
R11,一般管理費,"20,000","20,000","20,000","20,000","20,000","20,000","20,000","20,000","20,000","20,000","20,000","20,000","20,000","20,000"
R01,販売価格,"1,000",900,900,880,900,850,900,830,900,850,920,850,950,870
R02,販売価格,"1,000",970,900,950,"1,000","1,000","1,000",950,"1,000",970,930,900,"1,000",975
R03,販売価格,760,950,770,950,750,800,"1,000","1,000",950,900,920,900,810,975
R04,販売価格,500,925,740,840,720,800,900,750,650,794,830,850,700,600
R05,販売価格,400,790,730,740,550,600,750,855,570,600,780,650,550,768
R06,販売価格,780,750,600,580,500,580,750,720,570,650,680,650,630,684
R07,販売価格,740,755,650,625,450,630,850,750,600,710,850,720,770,550
R08,販売価格,780,765,650,650,440,600,850,800,700,680,780,750,800,672
R09,販売価格,"1,000",778,650,725,330,620,860,850,470,674,820,750,830,610
R10,販売価格,950,765,620,700,380,590,750,850,700,580,690,670,700,800
R11,販売価格,350,755,420,740,380,480,800,850,450,607,720,720,780,710
R01,製造指示,100,100,100,100,100,100,100,100,100,100,100,100,100,100
R02,製造指示,100,110,150,120,200,150,100,100,100,130,120,125,200,100
R03,製造指示,160,115,150,120,200,150,150,100,200,150,150,125,200,250
R04,製造指示,400,120,150,120,220,200,130,200,300,180,150,150,250,150
R05,製造指示,100,100,150,150,250,150,80,100,220,130,120,150,120,150
R06,製造指示,100,100,150,150,300,120,50,100,200,120,80,100,80,188
R07,製造指示,100,100,150,150,350,150,70,100,150,150,100,100,70,150
R08,製造指示,50,100,150,120,500,150,75,100,300,160,100,120,80,170
R09,製造指示,70,100,150,120,500,150,80,80,170,170,120,120,120,70
R10,製造指示,500,100,300,100,500,300,85,80,300,170,100,100,100,120
R11,製造指示,100,100,150,100,150,100,90,100,500,230,80,100,100,110
R01,材料調達,300,120,150,150,300,200,200,100,200,200,200,125,200,200
R02,材料調達,300,120,200,150,200,150,100,100,300,130,200,125,200,150
R03,材料調達,200,125,150,150,200,150,200,300,300,150,100,150,250,150
R04,材料調達,100,115,200,300,200,200,130,100,300,180,120,150,250,200
R05,材料調達,50,80,200,60,300,150,100,100,100,100,120,100,100,188
R06,材料調達,150,100,100,150,500,120,50,100,100,100,80,200,0,150
R07,材料調達,150,100,200,150,400,150,0,0,200,200,100,120,150,120
R08,材料調達,200,95,150,70,500,200,50,100,300,160,100,100,100,120
R09,材料調達,200,100,150,120,420,200,50,100,150,170,20,150,100,150
R10,材料調達,100,95,150,0,500,130,85,80,500,200,100,0,100,30
R11,材料調達,30,100,200,50,0,120,90,60,300,250,200,100,100,100
R01,累積販売価格,"1,000",900,900,880,900,850,900,830,900,850,920,850,950,870
R02,累積販売価格,"2,000","1,870","1,800","1,830","1,900","1,850","1,900","1,780","1,900","1,820","1,850","1,750","1,950","1,845"
R03,累積販売価格,"2,760","2,820","2,570","2,780","2,650","2,650","2,900","2,780","2,850","2,720","2,770","2,650","2,760","2,820"
R04,累積販売価格,"3,260","3,745","3,310","3,620","3,370","3,450","3,800","3,530","3,500","3,514","3,600","3,500","3,460","3,420"
R05,累積販売価格,"3,660","4,535","4,040","4,360","3,920","4,050","4,550","4,385","4,070","4,114","4,380","4,150","4,010","4,188"
R06,累積販売価格,"4,440","5,285","4,640","4,940","4,420","4,630","5,300","5,105","4,640","4,764","5,060","4,800","4,640","4,872"
R07,累積販売価格,"5,180","6,040","5,290","5,565","4,870","5,260","6,150","5,855","5,240","5,474","5,910","5,520","5,410","5,422"
R08,累積販売価格,"5,960","6,805","5,940","6,215","5,310","5,860","7,000","6,655","5,940","6,154","6,690","6,270","6,210","6,094"
R09,累積販売価格,"6,960","7,583","6,590","6,940","5,640","6,480","7,860","7,505","6,410","6,828","7,510","7,020","7,040","6,704"
R10,累積販売価格,"7,910","8,348","7,210","7,640","6,020","7,070","8,610","8,355","7,110","7,408","8,200","7,690","7,740","7,504"
R11,累積販売価格,"8,260","9,103","7,630","8,380","6,400","7,550","9,410","9,205","7,560","8,015","8,920","8,410","8,520","8,214"
R01,材料発注数,300,120,150,150,300,200,200,100,200,200,200,125,200,200
R02,材料発注数,300,120,200,150,200,150,100,100,300,130,200,125,200,150
R03,材料発注数,200,125,150,150,200,150,200,300,300,150,100,150,250,150
R04,材料発注数,100,115,200,300,200,200,130,100,300,180,120,150,250,200
R05,材料発注数,50,80,200,60,300,150,100,100,100,100,120,100,100,188
R06,材料発注数,150,100,100,150,500,120,50,100,100,100,80,200,0,150
R07,材料発注数,150,100,200,150,400,150,0,0,200,200,100,120,150,120
R08,材料発注数,200,95,150,70,500,200,50,100,300,160,100,100,100,120
R09,材料発注数,200,100,150,120,420,200,50,100,150,170,20,150,100,150
R10,材料発注数,100,95,150,0,500,130,85,80,500,200,100,0,100,30
R11,材料発注数,30,100,200,50,0,120,90,60,300,250,200,100,100,100
R01,材料納入数,100,100,100,100,100,100,100,100,100,100,100,100,100,100
R02,材料納入数,300,120,150,150,300,200,200,100,200,200,200,125,200,200
R03,材料納入数,300,120,200,150,200,150,100,100,300,130,200,125,200,150
R04,材料納入数,200,125,150,150,200,150,200,300,300,150,100,150,250,150
R05,材料納入数,100,115,200,300,200,200,130,100,300,180,120,150,250,200
R06,材料納入数,50,80,200,60,300,150,100,100,100,100,120,100,100,188
R07,材料納入数,150,100,100,150,500,120,50,100,100,100,80,200,0,150
R08,材料納入数,150,100,200,150,400,150,0,0,200,200,100,120,150,120
R09,材料納入数,200,95,150,70,500,200,50,100,300,160,100,100,100,120
R10,材料納入数,200,100,150,120,420,200,50,100,150,170,20,150,100,150
R11,材料納入数,100,95,150,0,500,130,85,80,500,200,100,0,100,30
R01,累積材料納入数,100,100,100,100,100,100,100,100,100,100,100,100,100,100
R02,累積材料納入数,400,220,250,250,400,300,300,200,300,300,300,225,300,300
R03,累積材料納入数,700,340,450,400,600,450,400,300,600,430,500,350,500,450
R04,累積材料納入数,900,465,600,550,800,600,600,600,900,580,600,500,750,600
R05,累積材料納入数,"1,000",580,800,850,"1,000",800,730,700,"1,200",760,720,650,"1,000",800
R06,累積材料納入数,"1,050",660,"1,000",910,"1,300",950,830,800,"1,300",860,840,750,"1,100",988
R07,累積材料納入数,"1,200",760,"1,100","1,060","1,800","1,070",880,900,"1,400",960,920,950,"1,100","1,138"
R08,累積材料納入数,"1,350",860,"1,300","1,210","2,200","1,220",880,900,"1,600","1,160","1,020","1,070","1,250","1,258"
R09,累積材料納入数,"1,550",955,"1,450","1,280","2,700","1,420",930,"1,000","1,900","1,320","1,120","1,170","1,350","1,378"
R10,累積材料納入数,"1,750","1,055","1,600","1,400","3,120","1,620",980,"1,100","2,050","1,490","1,140","1,320","1,450","1,528"
R11,累積材料納入数,"1,850","1,150","1,750","1,400","3,620","1,750","1,065","1,180","2,550","1,690","1,240","1,320","1,550","1,558"
R01,調達費用,"40,000","40,000","40,000","40,000","40,000","40,000","40,000","40,000","40,000","40,000","40,000","40,000","40,000","40,000"
R02,調達費用,"120,000","48,000","60,000","60,000","120,000","80,000","80,000","40,000","80,000","80,000","80,000","50,000","80,000","80,000"
R03,調達費用,"120,000","48,000","80,000","60,000","80,000","60,000","40,000","40,000","120,000","52,000","80,000","50,000","80,000","60,000"
R04,調達費用,"80,000","50,000","60,000","60,000","80,000","60,000","80,000","120,000","120,000","60,000","40,000","60,000","100,000","60,000"
R05,調達費用,"40,000","46,000","80,000","120,000","80,000","80,000","52,000","40,000","120,000","72,000","48,000","60,000","100,000","80,000"
R06,調達費用,"20,000","32,000","80,000","24,000","120,000","60,000","40,000","40,000","40,000","40,000","48,000","40,000","40,000","75,200"
R07,調達費用,"60,000","40,000","40,000","60,000","200,000","48,000","20,000","40,000","40,000","40,000","32,000","80,000",0,"60,000"
R08,調達費用,"60,000","40,000","80,000","60,000","160,000","60,000",0,0,"80,000","80,000","40,000","48,000","60,000","48,000"
R09,調達費用,"80,000","38,000","60,000","28,000","200,000","80,000","20,000","40,000","120,000","64,000","40,000","40,000","40,000","48,000"
R10,調達費用,"80,000","40,000","60,000","48,000","168,000","80,000","20,000","40,000","60,000","68,000","8,000","60,000","40,000","60,000"
R11,調達費用,"40,000","38,000","60,000",0,"200,000","52,000","34,000","32,000","200,000","80,000","40,000",0,"40,000","12,000"
R01,生産可能数,100,100,100,100,100,100,100,100,100,100,100,100,100,100
R02,生産可能数,300,120,150,150,300,200,200,100,200,200,200,125,200,200
R03,生産可能数,500,130,200,180,300,200,200,100,400,200,280,125,200,250
R04,生産可能数,540,140,200,210,300,200,250,300,500,200,230,150,250,150
R05,生産可能数,240,135,250,390,280,200,250,200,500,200,200,150,250,200
R06,生産可能数,190,115,300,300,330,200,270,200,380,170,200,100,230,238
R07,生産可能数,240,115,250,300,530,200,270,200,280,150,200,200,150,200
R08,生産可能数,290,115,300,300,580,200,200,100,330,200,200,220,230,170
R09,生産可能数,440,110,300,250,580,250,175,100,330,200,200,200,250,120
R10,生産可能数,570,110,300,250,500,300,145,120,310,200,100,230,230,200
R11,生産可能数,170,105,150,150,500,130,145,120,510,230,100,130,230,110
R01,生産指示数,100,100,100,100,100,100,100,100,100,100,100,100,100,100
R02,生産指示数,100,110,150,120,200,150,100,100,100,130,120,125,200,100
R03,生産指示数,160,115,150,120,200,150,150,100,200,150,150,125,200,250
R04,生産指示数,400,120,150,120,220,200,130,200,300,180,150,150,250,150
R05,生産指示数,100,100,150,150,250,150,80,100,220,130,120,150,120,150
R06,生産指示数,100,100,150,150,300,120,50,100,200,120,80,100,80,188
R07,生産指示数,100,100,150,150,350,150,70,100,150,150,100,100,70,150
R08,生産指示数,50,100,150,120,500,150,75,100,300,160,100,120,80,170
R09,生産指示数,70,100,150,120,500,150,80,80,170,170,120,120,120,70
R10,生産指示数,500,100,300,100,500,300,85,80,300,170,100,100,100,120
R11,生産指示数,100,100,150,100,150,100,90,100,500,230,80,100,100,110
R01,生産待ち数,100,100,100,100,100,100,100,100,100,100,100,100,100,100
R02,生産待ち数,100,110,150,120,200,150,100,100,100,130,120,125,200,100
R03,生産待ち数,160,115,150,120,200,150,150,100,200,150,150,125,200,250
R04,生産待ち数,400,120,150,120,220,200,130,200,300,180,150,150,250,150
R05,生産待ち数,100,100,150,150,250,150,80,100,220,130,120,150,120,150
R06,生産待ち数,100,100,150,150,300,120,50,100,200,120,80,100,80,188
R07,生産待ち数,100,100,150,150,350,150,70,100,150,150,100,100,70,150
R08,生産待ち数,50,100,150,120,500,150,75,100,300,160,100,120,80,170
R09,生産待ち数,70,100,150,120,500,150,80,80,170,170,120,120,120,70
R10,生産待ち数,500,100,300,100,500,300,85,80,300,170,100,100,100,120
R11,生産待ち数,100,100,150,100,150,100,90,100,500,230,80,100,100,110
R01,材料在庫数,0,0,0,0,0,0,0,0,0,0,0,0,0,0
R02,材料在庫数,200,10,0,30,100,50,100,0,100,70,80,0,0,100
R03,材料在庫数,340,15,50,60,100,50,50,0,200,50,130,0,0,0
R04,材料在庫数,140,20,50,90,80,0,120,100,200,20,80,0,0,0
R05,材料在庫数,140,35,100,240,30,50,170,100,280,70,80,0,130,50
R06,材料在庫数,90,15,150,150,30,80,220,100,180,50,120,0,150,50
R07,材料在庫数,140,15,100,150,180,50,200,100,130,0,100,100,80,50
R08,材料在庫数,240,15,150,180,80,50,125,0,30,40,100,100,150,0
R09,材料在庫数,370,10,150,130,80,100,95,20,160,30,80,80,130,50
R10,材料在庫数,70,10,0,150,0,0,60,40,10,30,0,130,130,80
R11,材料在庫数,70,5,0,50,350,30,55,20,10,0,20,30,130,0
R01,生産数,100,100,100,100,100,100,100,100,100,100,100,100,100,100
R02,生産数,100,100,100,100,100,100,100,100,100,100,100,100,100,100
R03,生産数,100,110,150,120,200,150,100,100,100,130,120,125,200,100
R04,生産数,160,115,150,120,200,150,150,100,200,150,150,125,200,250
R05,生産数,400,120,150,120,220,200,130,200,300,180,150,150,250,150
R06,生産数,100,100,150,150,250,150,80,100,220,130,120,150,120,150
R07,生産数,100,100,150,150,300,120,50,100,200,120,80,100,80,188
R08,生産数,100,100,150,150,350,150,70,100,150,150,100,100,70,150
R09,生産数,50,100,150,120,500,150,75,100,300,160,100,120,80,170
R10,生産数,70,100,150,120,500,150,80,80,170,170,120,120,120,70
R11,生産数,500,100,300,100,500,300,85,80,300,170,100,100,100,120
R01,累積生産数,100,100,100,100,100,100,100,100,100,100,100,100,100,100
R02,累積生産数,200,200,200,200,200,200,200,200,200,200,200,200,200,200
R03,累積生産数,300,310,350,320,400,350,300,300,300,330,320,325,400,300
R04,累積生産数,460,425,500,440,600,500,450,400,500,480,470,450,600,550
R05,累積生産数,860,545,650,560,820,700,580,600,800,660,620,600,850,700
R06,累積生産数,960,645,800,710,"1,070",850,660,700,"1,020",790,740,750,970,850
R07,累積生産数,"1,060",745,950,860,"1,370",970,710,800,"1,220",910,820,850,"1,050","1,038"
R08,累積生産数,"1,160",845,"1,100","1,010","1,720","1,120",780,900,"1,370","1,060",920,950,"1,120","1,188"
R09,累積生産数,"1,210",945,"1,250","1,130","2,220","1,270",855,"1,000","1,670","1,220","1,020","1,070","1,200","1,358"
R10,累積生産数,"1,280","1,045","1,400","1,250","2,720","1,420",935,"1,080","1,840","1,390","1,140","1,190","1,320","1,428"
R11,累積生産数,"1,780","1,145","1,700","1,350","3,220","1,720","1,020","1,160","2,140","1,560","1,240","1,290","1,420","1,548"
R01,生産費用,"10,000","10,000","10,000","10,000","10,000","10,000","10,000","10,000","10,000","10,000","10,000","10,000","10,000","10,000"
R02,生産費用,"10,000","11,000","15,000","12,000","20,000","15,000","10,000","10,000","10,000","13,000","12,000","12,500","20,000","10,000"
R03,生産費用,"16,000","11,500","15,000","12,000","20,000","15,000","15,000","10,000","20,000","15,000","15,000","12,500","20,000","25,000"
R04,生産費用,"40,000","12,000","15,000","12,000","22,000","20,000","13,000","20,000","30,000","18,000","15,000","15,000","25,000","15,000"
R05,生産費用,"10,000","10,000","15,000","15,000","25,000","15,000","8,000","10,000","22,000","13,000","12,000","15,000","12,000","15,000"
R06,生産費用,"10,000","10,000","15,000","15,000","30,000","12,000","5,000","10,000","20,000","12,000","8,000","10,000","8,000","18,800"
R07,生産費用,"10,000","10,000","15,000","15,000","35,000","15,000","7,000","10,000","15,000","15,000","10,000","10,000","7,000","15,000"
R08,生産費用,"5,000","10,000","15,000","12,000","50,000","15,000","7,500","10,000","30,000","16,000","10,000","12,000","8,000","17,000"
R09,生産費用,"7,000","10,000","15,000","12,000","50,000","15,000","8,000","8,000","17,000","17,000","12,000","12,000","12,000","7,000"
R10,生産費用,"50,000","10,000","30,000","10,000","50,000","30,000","8,500","8,000","30,000","17,000","10,000","10,000","10,000","12,000"
R11,生産費用,"10,000","10,000","15,000","10,000","15,000","10,000","9,000","10,000","50,000","23,000","8,000","10,000","10,000","11,000"
R01,販売可能数,100,100,100,100,100,100,100,100,100,100,100,100,100,100
R02,販売可能数,100,100,100,100,100,100,100,100,100,100,100,100,100,100
R03,販売可能数,100,110,150,120,200,150,100,100,100,130,120,125,200,100
R04,販売可能数,160,115,150,120,200,150,150,100,200,150,150,125,200,250
R05,販売可能数,400,120,150,120,220,200,130,200,300,180,150,150,250,150
R06,販売可能数,100,100,150,150,250,150,80,100,220,130,120,150,120,150
R07,販売可能数,100,100,150,150,300,120,50,100,200,120,80,100,80,188
R08,販売可能数,100,100,150,150,350,150,70,100,150,150,100,100,70,150
R09,販売可能数,50,100,150,120,500,150,75,100,300,160,100,120,80,170
R10,販売可能数,70,100,150,120,500,150,80,80,170,170,120,120,120,70
R11,販売可能数,500,100,300,100,500,300,85,80,300,170,100,100,100,120
R01,来店者数,95,124,124,131,124,142,124,151,124,142,117,142,108,134
R02,来店者数,119,119,145,123,109,102,109,115,109,111,136,138,116,113
R03,来店者数,177,98,160,96,187,161,89,87,102,116,100,106,151,94
R04,来店者数,298,71,120,90,132,97,76,119,170,104,93,87,142,209
R05,来店者数,344,73,89,86,180,145,83,52,165,145,75,119,180,78
R06,来店者数,81,89,155,169,245,169,89,98,177,127,114,127,137,112
R07,来店者数,101,96,137,146,349,143,68,97,170,112,71,108,84,211
R08,来店者数,95,100,151,151,381,175,70,90,125,135,96,102,88,130
R09,来店者数,40,76,118,90,635,124,59,61,267,109,67,82,57,139
R10,来店者数,52,90,151,112,461,171,94,69,112,179,116,125,112,80
R11,来店者数,408,60,258,63,332,177,46,44,218,99,67,65,55,66
R01,累積来店者数,95,124,124,131,124,142,124,151,124,142,117,142,108,134
R02,累積来店者数,214,243,269,254,233,244,233,266,233,253,253,280,224,247
R03,累積来店者数,391,341,429,350,420,405,322,353,335,369,353,386,375,341
R04,累積来店者数,689,412,549,440,552,502,398,472,505,473,446,473,517,550
R05,累積来店者数,"1,033",485,638,526,732,647,481,524,670,618,521,592,697,628
R06,累積来店者数,"1,114",574,793,695,977,816,570,622,847,745,635,719,834,740
R07,累積来店者数,"1,215",670,930,841,"1,326",959,638,719,"1,017",857,706,827,918,951
R08,累積来店者数,"1,310",770,"1,081",992,"1,707","1,134",708,809,"1,142",992,802,929,"1,006","1,081"
R09,累積来店者数,"1,350",846,"1,199","1,082","2,342","1,258",767,870,"1,409","1,101",869,"1,011","1,063","1,220"
R10,累積来店者数,"1,402",936,"1,350","1,194","2,803","1,429",861,939,"1,521","1,280",985,"1,136","1,175","1,300"
R11,累積来店者数,"1,810",996,"1,608","1,257","3,135","1,606",907,983,"1,739","1,379","1,052","1,201","1,230","1,366"
R01,販売数,95,100,100,100,100,100,100,100,100,100,100,100,100,100
R02,販売数,100,100,100,100,100,100,100,100,100,100,100,100,100,100
R03,販売数,100,98,150,96,187,150,89,87,100,116,100,106,151,94
R04,販売数,160,71,120,90,132,97,76,100,170,104,93,87,142,209
R05,販売数,344,73,89,86,180,145,83,52,165,145,75,119,180,78
R06,販売数,81,89,150,150,245,150,80,98,177,127,114,127,120,112
R07,販売数,100,96,137,146,300,120,50,97,170,112,71,100,80,188
R08,販売数,95,100,150,150,350,150,70,90,125,135,96,100,70,130
R09,販売数,40,76,118,90,500,124,59,61,267,109,67,82,57,139
R10,販売数,52,90,150,112,461,150,80,69,112,170,116,120,112,70
R11,販売数,408,60,258,63,332,177,46,44,218,99,67,65,55,66
R01,累積販売数,95,100,100,100,100,100,100,100,100,100,100,100,100,100
R01,剰余金,"25,000","20,000","20,000","18,000","20,000","15,000","20,000","13,000","20,000","15,000","22,000","15,000","25,000","17,000"
R02,累積販売数,195,200,200,200,200,200,200,200,200,200,200,200,200,200
R02,剰余金,"55,000","47,000","40,000","43,000","50,000","45,000","50,000","38,000","50,000","42,000","45,000","35,000","55,000","44,500"
R03,累積販売数,295,298,350,296,387,350,289,287,300,316,300,306,351,294
R03,剰余金,"61,000","65,100","60,500","54,200","70,250","70,000","69,000","55,000","75,000","61,400","57,000","47,900","57,310","66,150"
R04,累積販売数,455,369,470,386,519,447,365,387,470,420,393,393,493,503
R04,剰余金,"41,000","53,275","54,300","49,800","45,290","52,600","42,400","60,000","65,500","48,976","39,190","39,350","36,710","46,550"
R05,累積販売数,799,442,559,472,699,592,448,439,635,565,468,512,673,581
R05,剰余金,"-41,400","30,945","24,270","33,440","14,290","19,600","19,650","-15,540","-10,450","25,976","2,690","21,700","-9,290","11,454"
R06,累積販売数,880,531,709,622,944,742,528,537,812,692,582,639,793,693
R01,品切損失数,0,24,24,31,24,42,24,51,24,42,17,42,8,34
R02,品切損失数,19,19,45,23,9,2,9,15,9,11,36,38,16,13
R03,品切損失数,77,0,10,0,0,11,0,0,2,0,0,0,0,0
R04,品切損失数,138,0,0,0,0,0,0,19,0,0,0,0,0,0
R05,品切損失数,0,0,0,0,0,0,0,0,0,0,0,0,0,0
R06,品切損失数,0,0,5,19,0,19,9,0,0,0,0,0,17,0
R07,品切損失数,1,0,0,0,49,23,18,0,0,0,0,8,4,23
R08,品切損失数,0,0,1,1,31,25,0,0,0,0,0,2,18,0
R09,品切損失数,0,0,0,0,135,0,0,0,0,0,0,0,0,0
R10,品切損失数,0,0,1,0,0,21,14,0,0,9,0,5,0,10
R11,品切損失数,0,0,0,0,0,0,0,0,0,0,0,0,0,0
R01,累積品切損失数,0,-24,-24,-31,-24,-42,-24,-51,-24,-42,-17,-42,-8,-34
R02,累積品切損失数,-19,-43,-69,-54,-33,-44,-33,-66,-33,-53,-53,-80,-24,-47
R03,累積品切損失数,-96,-43,-79,-54,-33,-55,-33,-66,-35,-53,-53,-80,-24,-47
R04,累積品切損失数,-234,-43,-79,-54,-33,-55,-33,-85,-35,-53,-53,-80,-24,-47
R05,累積品切損失数,-234,-43,-79,-54,-33,-55,-33,-85,-35,-53,-53,-80,-24,-47
R06,累積品切損失数,-234,-43,-84,-73,-33,-74,-42,-85,-35,-53,-53,-80,-41,-47
R07,累積品切損失数,-235,-43,-84,-73,-82,-97,-60,-85,-35,-53,-53,-88,-45,-70
R08,累積品切損失数,-235,-43,-85,-74,-113,-122,-60,-85,-35,-53,-53,-90,-63,-70
R09,累積品切損失数,-235,-43,-85,-74,-248,-122,-60,-85,-35,-53,-53,-90,-63,-70
R10,累積品切損失数,-235,-43,-86,-74,-248,-143,-74,-85,-35,-62,-53,-95,-63,-80
R11,累積品切損失数,-235,-43,-86,-74,-248,-143,-74,-85,-35,-62,-53,-95,-63,-80
R01,品切損失金額,0,"9,600","9,600","11,780","9,600","14,700","9,600","16,830","9,600","14,700","7,140","14,700","3,600","12,580"
R02,品切損失金額,"9,500","8,930","18,000","10,350","4,500","1,000","4,500","6,750","4,500","5,170","15,480","15,200","8,000","6,175"
R03,品切損失金額,"20,020",0,"2,700",0,0,"3,300",0,0,900,0,0,0,0,0
R04,品切損失金額,0,0,0,0,0,0,0,"4,750",0,0,0,0,0,0
R05,品切損失金額,0,0,0,0,0,0,0,0,0,0,0,0,0,0
R06,品切損失金額,0,0,500,"1,520",0,"1,520","2,250",0,0,0,0,0,"2,210",0
R07,品切損失金額,240,0,0,0,0,"2,990","6,300",0,0,0,0,"1,760","1,080","1,150"
R08,品切損失金額,0,0,150,150,0,"2,500",0,0,0,0,0,500,"5,400",0
R09,品切損失金額,0,0,0,0,0,0,0,0,0,0,0,0,0,0
R10,品切損失金額,0,0,120,0,0,"1,890","3,500",0,0,720,0,850,0,"3,000"
R11,品切損失金額,0,0,0,0,0,0,0,0,0,0,0,0,0,0
R01,累積品切損失金額,0,"-9,600","-9,600","-11,780","-9,600","-14,700","-9,600","-16,830","-9,600","-14,700","-7,140","-14,700","-3,600","-12,580"
R02,累積品切損失金額,"-9,500","-18,530","-27,600","-22,130","-14,100","-15,700","-14,100","-23,580","-14,100","-19,870","-22,620","-29,900","-11,600","-18,755"
R03,累積品切損失金額,"-29,520","-18,530","-30,300","-22,130","-14,100","-19,000","-14,100","-23,580","-15,000","-19,870","-22,620","-29,900","-11,600","-18,755"
R04,累積品切損失金額,"-29,520","-18,530","-30,300","-22,130","-14,100","-19,000","-14,100","-28,330","-15,000","-19,870","-22,620","-29,900","-11,600","-18,755"
R05,累積品切損失金額,"-29,520","-18,530","-30,300","-22,130","-14,100","-19,000","-14,100","-28,330","-15,000","-19,870","-22,620","-29,900","-11,600","-18,755"
R06,累積品切損失金額,"-29,520","-18,530","-30,800","-23,650","-14,100","-20,520","-16,350","-28,330","-15,000","-19,870","-22,620","-29,900","-13,810","-18,755"
R07,累積品切損失金額,"-29,760","-18,530","-30,800","-23,650","-14,100","-23,510","-22,650","-28,330","-15,000","-19,870","-22,620","-31,660","-14,890","-19,905"
R08,累積品切損失金額,"-29,760","-18,530","-30,950","-23,800","-14,100","-26,010","-22,650","-28,330","-15,000","-19,870","-22,620","-32,160","-20,290","-19,905"
R09,累積品切損失金額,"-29,760","-18,530","-30,950","-23,800","-14,100","-26,010","-22,650","-28,330","-15,000","-19,870","-22,620","-32,160","-20,290","-19,905"
R10,累積品切損失金額,"-29,760","-18,530","-31,070","-23,800","-14,100","-27,900","-26,150","-28,330","-15,000","-20,590","-22,620","-33,010","-20,290","-22,905"
R11,累積品切損失金額,"-29,760","-18,530","-31,070","-23,800","-14,100","-27,900","-26,150","-28,330","-15,000","-20,590","-22,620","-33,010","-20,290","-22,905"
R01,製品在庫数,0,0,0,0,0,0,0,0,0,0,0,0,0,0
R02,製品在庫数,0,0,0,0,0,0,0,0,0,0,0,0,0,0
R03,製品在庫数,0,0,0,0,0,0,0,0,0,0,0,0,0,0
R04,製品在庫数,0,0,0,0,0,0,0,0,0,0,0,0,0,0
R05,製品在庫数,0,0,0,0,0,0,0,0,0,0,0,0,0,0
R06,製品在庫数,0,0,0,0,0,0,0,0,0,0,0,0,0,0
R07,製品在庫数,0,0,0,0,0,0,0,0,0,0,0,0,0,0
R08,製品在庫数,0,0,0,0,0,0,0,0,0,0,0,0,0,0
R09,製品在庫数,0,0,0,0,0,0,0,0,0,0,0,0,0,0
R10,製品在庫数,0,0,0,0,0,0,0,0,0,0,0,0,0,0
R11,製品在庫数,0,0,0,0,0,0,0,0,0,0,0,0,0,0
R01,廃棄数,5,0,0,0,0,0,0,0,0,0,0,0,0,0
R02,廃棄数,0,0,0,0,0,0,0,0,0,0,0,0,0,0
R03,廃棄数,0,12,0,24,13,0,11,13,0,14,20,19,49,6
R04,廃棄数,0,44,30,30,68,53,74,0,30,46,57,38,58,41
R05,廃棄数,56,47,61,34,40,55,47,148,135,35,75,31,70,72
R06,廃棄数,19,11,0,0,5,0,0,2,43,3,6,23,0,38
R07,廃棄数,0,4,13,4,0,0,0,3,30,8,9,0,0,0
R08,廃棄数,5,0,0,0,0,0,0,10,25,15,4,0,0,20
R09,廃棄数,10,24,32,30,0,26,16,39,33,51,33,38,23,31
R10,廃棄数,18,10,0,8,39,0,0,11,58,0,4,0,8,0
R11,廃棄数,92,40,42,37,168,123,39,36,82,71,33,35,45,54
R01,累積廃棄数,-5,0,0,0,0,0,0,0,0,0,0,0,0,0
R02,累積廃棄数,-5,0,0,0,0,0,0,0,0,0,0,0,0,0
R03,累積廃棄数,-5,-12,0,-24,-13,0,-11,-13,0,-14,-20,-19,-49,-6
R04,累積廃棄数,-5,-56,-30,-54,-81,-53,-85,-13,-30,-60,-77,-57,-107,-47
R05,累積廃棄数,-61,-103,-91,-88,-121,-108,-132,-161,-165,-95,-152,-88,-177,-119
R06,累積廃棄数,-80,-114,-91,-88,-126,-108,-132,-163,-208,-98,-158,-111,-177,-157
R07,累積廃棄数,-80,-118,-104,-92,-126,-108,-132,-166,-238,-106,-167,-111,-177,-157
R08,累積廃棄数,-85,-118,-104,-92,-126,-108,-132,-176,-263,-121,-171,-111,-177,-177
R09,累積廃棄数,-95,-142,-136,-122,-126,-134,-148,-215,-296,-172,-204,-149,-200,-208
R10,累積廃棄数,-113,-152,-136,-130,-165,-134,-148,-226,-354,-172,-208,-149,-208,-208
R11,累積廃棄数,-205,-192,-178,-167,-333,-257,-187,-262,-436,-243,-241,-184,-253,-262
R01,累積廃棄金額,"-2,500",0,0,0,0,0,0,0,0,0,0,0,0,0
R02,累積廃棄金額,"-2,500",0,0,0,0,0,0,0,0,0,0,0,0,0
R03,累積廃棄金額,"-2,500","-6,000",0,"-12,000","-6,500",0,"-5,500","-6,500",0,"-7,000","-10,000","-9,500","-24,500","-3,000"
R04,累積廃棄金額,"-2,500","-28,000","-15,000","-27,000","-40,500","-26,500","-42,500","-6,500","-15,000","-30,000","-38,500","-28,500","-53,500","-23,500"
R05,累積廃棄金額,"-30,500","-51,500","-45,500","-44,000","-60,500","-54,000","-66,000","-80,500","-82,500","-47,500","-76,000","-44,000","-88,500","-59,500"
R06,累積廃棄金額,"-40,000","-57,000","-45,500","-44,000","-63,000","-54,000","-66,000","-81,500","-104,000","-49,000","-79,000","-55,500","-88,500","-78,500"
R07,累積廃棄金額,"-40,000","-59,000","-52,000","-46,000","-63,000","-54,000","-66,000","-83,000","-119,000","-53,000","-83,500","-55,500","-88,500","-78,500"
R08,累積廃棄金額,"-42,500","-59,000","-52,000","-46,000","-63,000","-54,000","-66,000","-88,000","-131,500","-60,500","-85,500","-55,500","-88,500","-88,500"
R09,累積廃棄金額,"-47,500","-71,000","-68,000","-61,000","-63,000","-67,000","-74,000","-107,500","-148,000","-86,000","-102,000","-74,500","-100,000","-104,000"
R10,累積廃棄金額,"-56,500","-76,000","-68,000","-65,000","-82,500","-67,000","-74,000","-113,000","-177,000","-86,000","-104,000","-74,500","-104,000","-104,000"
R11,累積廃棄金額,"-102,500","-96,000","-89,000","-83,500","-166,500","-128,500","-93,500","-131,000","-218,000","-121,500","-120,500","-92,000","-126,500","-131,000"
R01,売上高,"95,000","90,000","90,000","88,000","90,000","85,000","90,000","83,000","90,000","85,000","92,000","85,000","95,000","87,000"
R02,売上高,"100,000","97,000","90,000","95,000","100,000","100,000","100,000","95,000","100,000","97,000","93,000","90,000","100,000","97,500"
R03,売上高,"76,000","93,100","115,500","91,200","140,250","120,000","89,000","87,000","95,000","104,400","92,000","95,400","122,310","91,650"
R04,売上高,"80,000","65,675","88,800","75,600","95,040","77,600","68,400","75,000","110,500","82,576","77,190","73,950","99,400","125,400"
R05,売上高,"137,600","57,670","64,970","63,640","99,000","87,000","62,250","44,460","94,050","87,000","58,500","77,350","99,000","59,904"
R06,売上高,"63,180","66,750","90,000","87,000","122,500","87,000","60,000","70,560","100,890","82,550","77,520","82,550","75,600","76,608"
R07,売上高,"74,000","72,480","89,050","91,250","135,000","75,600","42,500","72,750","102,000","79,520","60,350","72,000","61,600","103,400"
R08,売上高,"74,100","76,500","97,500","97,500","154,000","90,000","59,500","72,000","87,500","91,800","74,880","75,000","56,000","87,360"
R09,売上高,"40,000","59,128","76,700","65,250","165,000","76,880","50,740","51,850","125,490","73,466","54,940","61,500","47,310","84,790"
R10,売上高,"49,400","68,850","93,000","78,400","175,180","88,500","60,000","58,650","78,400","98,600","80,040","80,400","78,400","56,000"
R11,売上高,"142,800","45,300","108,360","46,620","126,160","84,960","36,800","37,400","98,100","60,093","48,240","46,800","42,900","46,860"
R01,累積売上高,"95,000","90,000","90,000","88,000","90,000","85,000","90,000","83,000","90,000","85,000","92,000","85,000","95,000","87,000"
R02,累積売上高,"195,000","187,000","180,000","183,000","190,000","185,000","190,000","178,000","190,000","182,000","185,000","175,000","195,000","184,500"
R03,累積売上高,"271,000","280,100","295,500","274,200","330,250","305,000","279,000","265,000","285,000","286,400","277,000","270,400","317,310","276,150"
R04,累積売上高,"351,000","345,775","384,300","349,800","425,290","382,600","347,400","340,000","395,500","368,976","354,190","344,350","416,710","401,550"
R05,累積売上高,"488,600","403,445","449,270","413,440","524,290","469,600","409,650","384,460","489,550","455,976","412,690","421,700","515,710","461,454"
R06,累積売上高,"551,780","470,195","539,270","500,440","646,790","556,600","469,650","455,020","590,440","538,526","490,210","504,250","591,310","538,062"
R07,累積売上高,"625,780","542,675","628,320","591,690","781,790","632,200","512,150","527,770","692,440","618,046","550,560","576,250","652,910","641,462"
R08,累積売上高,"699,880","619,175","725,820","689,190","935,790","722,200","571,650","599,770","779,940","709,846","625,440","651,250","708,910","728,822"
R09,累積売上高,"739,880","678,303","802,520","754,440","1,100,790","799,080","622,390","651,620","905,430","783,312","680,380","712,750","756,220","813,612"
R10,累積売上高,"789,280","747,153","895,520","832,840","1,275,970","887,580","682,390","710,270","983,830","881,912","760,420","793,150","834,620","869,612"
R11,累積売上高,"932,080","792,453","1,003,880","879,460","1,402,130","972,540","719,190","747,670","1,081,930","942,005","808,660","839,950","877,520","916,472"
R01,借入金,0,0,0,0,0,0,0,0,0,0,0,0,0,0
R02,借入金,0,0,0,0,0,0,0,0,0,0,0,0,0,0
R03,借入金,0,0,0,0,0,0,0,0,0,0,0,0,0,0
R04,借入金,0,0,0,0,0,0,0,0,0,0,0,0,0,0
R05,借入金,0,0,0,0,0,0,0,0,0,0,0,0,0,0
R06,借入金,0,0,0,0,0,0,0,0,0,0,0,0,0,0
R07,借入金,0,0,0,0,"40,210",0,0,0,0,0,0,0,0,0
R08,借入金,0,0,0,0,"78,011",0,0,0,0,0,0,0,0,0
R09,借入金,0,0,0,0,"110,911",0,0,0,"8,570",0,0,0,0,0
R10,借入金,"78,720",0,0,0,"74,277",0,0,0,"32,029",0,0,0,0,0
R11,借入金,0,0,0,0,"124,010",0,0,0,"173,930",0,0,0,0,0
R01,支払利息,0,0,0,0,0,0,0,0,0,0,0,0,0,0
R02,支払利息,0,0,0,0,0,0,0,0,0,0,0,0,0,0
R03,支払利息,0,0,0,0,0,0,0,0,0,0,0,0,0,0
R04,支払利息,0,0,0,0,0,0,0,0,0,0,0,0,0,0
R05,支払利息,0,0,0,0,0,0,0,0,0,0,0,0,0,0
R06,支払利息,0,0,0,0,0,0,0,0,0,0,0,0,0,0
R07,支払利息,0,0,0,0,0,0,0,0,0,0,0,0,0,0
R08,支払利息,0,0,0,0,"2,011",0,0,0,0,0,0,0,0,0
R09,支払利息,0,0,0,0,"5,911",0,0,0,0,0,0,0,0,0
R10,支払利息,0,0,0,0,"11,457",0,0,0,429,0,0,0,0,0
R11,支払利息,"3,936",0,0,0,"15,170",0,0,0,"2,030",0,0,0,0,0
R01,現金収支,"25,000","20,000","20,000","18,000","20,000","15,000","20,000","13,000","20,000","15,000","22,000","15,000","25,000","17,000"
R02,現金収支,"-50,000","18,000","-5,000","3,000","-60,000","-15,000","-10,000","25,000","-10,000","-16,000","-19,000","7,500","-20,000","-12,500"
R03,現金収支,"-80,000","13,600",500,-800,"20,250","25,000","14,000","17,000","-65,000","17,400","-23,000","12,900","2,310","-13,350"
R04,現金収支,"-60,000","-16,325","-6,200","-16,400","-26,960","-22,400","-44,600","-85,000","-59,500","-15,424","2,190","-21,050","-45,600","30,400"
R05,現金収支,"67,600","-18,330","-50,030","-91,360","-26,000","-28,000","-17,750","-25,540","-67,950","-18,000","-21,500","-17,650","-33,000","-55,096"
R06,現金収支,"13,180","4,750","-25,000","28,000","-47,500","-5,000","-5,000",560,"20,890","10,550","1,520","12,550","7,600","-37,392"
R07,現金収支,"-16,000","2,480","14,050","-3,750","-79,790","-7,400","-4,500","2,750","27,000","4,520","-1,650","-38,000","34,600","8,400"
R08,現金収支,"-10,900","6,500","-17,500","5,500",0,"-5,000","32,000","42,000","-42,500","-24,200","4,880","-5,000","-32,000","2,360"
R09,現金収支,"-67,000","-8,872","-18,300","5,250",0,"-38,120","2,740","-16,150","-22,940","-27,534","-17,060","-10,500","-24,690","9,790"
R10,現金収支,"-21,880","-1,150","-17,000",400,0,"-41,500","11,500","-9,350",0,"-6,400","42,040","-9,600","8,400","-36,000"
R11,現金収支,"68,864","-22,700","13,360","16,620",0,"2,960","-26,200","-24,600",0,"-62,907","-19,760","16,800","-27,100","3,860"
R01,累積現金収支,"25,000","20,000","20,000","18,000","20,000","15,000","20,000","13,000","20,000","15,000","22,000","15,000","25,000","17,000"
R02,累積現金収支,"-25,000","38,000","15,000","21,000","-40,000",0,"10,000","38,000","10,000","-1,000","3,000","22,500","5,000","4,500"
R03,累積現金収支,"-105,000","51,600","15,500","20,200","-19,750","25,000","24,000","55,000","-55,000","16,400","-20,000","35,400","7,310","-8,850"
R04,累積現金収支,"-165,000","35,275","9,300","3,800","-46,710","2,600","-20,600","-30,000","-114,500",976,"-17,810","14,350","-38,290","21,550"
R05,累積現金収支,"-97,400","16,945","-40,730","-87,560","-72,710","-25,400","-38,350","-55,540","-182,450","-17,024","-39,310","-3,300","-71,290","-33,546"
R06,累積現金収支,"-84,220","21,695","-65,730","-59,560","-120,210","-30,400","-43,350","-54,980","-161,560","-6,474","-37,790","9,250","-63,690","-70,938"
R07,累積現金収支,"-100,220","24,175","-51,680","-63,310","-200,000","-37,800","-47,850","-52,230","-134,560","-1,954","-39,440","-28,750","-29,090","-62,538"
R08,累積現金収支,"-111,120","30,675","-69,180","-57,810","-200,000","-42,800","-15,850","-10,230","-177,060","-26,154","-34,560","-33,750","-61,090","-60,178"
R09,累積現金収支,"-178,120","21,803","-87,480","-52,560","-200,000","-80,920","-13,110","-26,380","-200,000","-53,688","-51,620","-44,250","-85,780","-50,388"
R10,累積現金収支,"-200,000","20,653","-104,480","-52,160","-200,000","-122,420","-1,610","-35,730","-200,000","-60,088","-9,580","-53,850","-77,380","-86,388"
R11,累積現金収支,"-131,136","-2,047","-91,120","-35,540","-200,000","-119,460","-27,810","-60,330","-200,000","-122,995","-29,340","-37,050","-104,480","-82,528"
R01,現金貯金,"225,000","220,000","220,000","218,000","220,000","215,000","220,000","213,000","220,000","215,000","222,000","215,000","225,000","217,000"
R02,現金貯金,"175,000","238,000","215,000","221,000","160,000","200,000","210,000","238,000","210,000","199,000","203,000","222,500","205,000","204,500"
R03,現金貯金,"95,000","251,600","215,500","220,200","180,250","225,000","224,000","255,000","145,000","216,400","180,000","235,400","207,310","191,150"
R04,現金貯金,"35,000","235,275","209,300","203,800","153,290","202,600","179,400","170,000","85,500","200,976","182,190","214,350","161,710","221,550"
R05,現金貯金,"102,600","216,945","159,270","112,440","127,290","174,600","161,650","144,460","17,550","182,976","160,690","196,700","128,710","166,454"
R06,現金貯金,"115,780","221,695","134,270","140,440","79,790","169,600","156,650","145,020","38,440","193,526","162,210","209,250","136,310","129,062"
R07,現金貯金,"99,780","224,175","148,320","136,690",0,"162,200","152,150","147,770","65,440","198,046","160,560","171,250","170,910","137,462"
R08,現金貯金,"88,880","230,675","130,820","142,190",0,"157,200","184,150","189,770","22,940","173,846","165,440","166,250","138,910","139,822"
R09,現金貯金,"21,880","221,803","112,520","147,440",0,"119,080","186,890","173,620",0,"146,312","148,380","155,750","114,220","149,612"
R10,現金貯金,0,"220,653","95,520","147,840",0,"77,580","198,390","164,270",0,"139,912","190,420","146,150","122,620","113,612"
R11,現金貯金,"68,864","197,953","108,880","164,460",0,"80,540","172,190","139,670",0,"77,005","170,660","162,950","95,520","117,472"
R01,材料在庫金額,0,0,0,0,0,0,0,0,0,0,0,0,0,0
R02,材料在庫金額,"80,000","4,000",0,"12,000","40,000","20,000","40,000",0,"40,000","28,000","32,000",0,0,"40,000"
R03,材料在庫金額,"136,000","6,000","20,000","24,000","40,000","20,000","20,000",0,"80,000","20,000","52,000",0,0,0
R04,材料在庫金額,"56,000","8,000","20,000","36,000","32,000",0,"48,000","40,000","80,000","8,000","32,000",0,0,0
R05,材料在庫金額,"56,000","14,000","40,000","96,000","12,000","20,000","68,000","40,000","112,000","28,000","32,000",0,"52,000","20,000"
R06,材料在庫金額,"36,000","6,000","60,000","60,000","12,000","32,000","88,000","40,000","72,000","20,000","48,000",0,"60,000","20,000"
R07,材料在庫金額,"56,000","6,000","40,000","60,000","72,000","20,000","80,000","40,000","52,000",0,"40,000","40,000","32,000","20,000"
R08,材料在庫金額,"96,000","6,000","60,000","72,000","32,000","20,000","50,000",0,"12,000","16,000","40,000","40,000","60,000",0
R09,材料在庫金額,"148,000","4,000","60,000","52,000","32,000","40,000","38,000","8,000","64,000","12,000","32,000","32,000","52,000","20,000"
R10,材料在庫金額,"28,000","4,000",0,"60,000",0,0,"24,000","16,000","4,000","12,000",0,"52,000","52,000","32,000"
R11,材料在庫金額,"28,000","2,000",0,"20,000","140,000","12,000","22,000","8,000","4,000",0,"8,000","12,000","52,000",0
R01,生産仕掛在庫金額,"50,000","50,000","50,000","50,000","50,000","50,000","50,000","50,000","50,000","50,000","50,000","50,000","50,000","50,000"
R02,生産仕掛在庫金額,"50,000","55,000","75,000","60,000","100,000","75,000","50,000","50,000","50,000","65,000","60,000","62,500","100,000","50,000"
R03,生産仕掛在庫金額,"80,000","57,500","75,000","60,000","100,000","75,000","75,000","50,000","100,000","75,000","75,000","62,500","100,000","125,000"
R04,生産仕掛在庫金額,"200,000","60,000","75,000","60,000","110,000","100,000","65,000","100,000","150,000","90,000","75,000","75,000","125,000","75,000"
R05,生産仕掛在庫金額,"50,000","50,000","75,000","75,000","125,000","75,000","40,000","50,000","110,000","65,000","60,000","75,000","60,000","75,000"
R06,生産仕掛在庫金額,"50,000","50,000","75,000","75,000","150,000","60,000","25,000","50,000","100,000","60,000","40,000","50,000","40,000","94,000"
R07,生産仕掛在庫金額,"50,000","50,000","75,000","75,000","175,000","75,000","35,000","50,000","75,000","75,000","50,000","50,000","35,000","75,000"
R08,生産仕掛在庫金額,"25,000","50,000","75,000","60,000","250,000","75,000","37,500","50,000","150,000","80,000","50,000","60,000","40,000","85,000"
R09,生産仕掛在庫金額,"35,000","50,000","75,000","60,000","250,000","75,000","40,000","40,000","85,000","85,000","60,000","60,000","60,000","35,000"
R10,生産仕掛在庫金額,"250,000","50,000","150,000","50,000","250,000","150,000","42,500","40,000","150,000","85,000","50,000","50,000","50,000","60,000"
R11,生産仕掛在庫金額,"50,000","50,000","75,000","50,000","75,000","50,000","45,000","50,000","250,000","115,000","40,000","50,000","50,000","55,000"
R01,棚卸資産,"50,000","50,000","50,000","50,000","50,000","50,000","50,000","50,000","50,000","50,000","50,000","50,000","50,000","50,000"
R02,棚卸資産,"130,000","59,000","75,000","72,000","140,000","95,000","90,000","50,000","90,000","93,000","92,000","62,500","100,000","90,000"
R03,棚卸資産,"216,000","63,500","95,000","84,000","140,000","95,000","95,000","50,000","180,000","95,000","127,000","62,500","100,000","125,000"
R04,棚卸資産,"256,000","68,000","95,000","96,000","142,000","100,000","113,000","140,000","230,000","98,000","107,000","75,000","125,000","75,000"
R05,棚卸資産,"106,000","64,000","115,000","171,000","137,000","95,000","108,000","90,000","222,000","93,000","92,000","75,000","112,000","95,000"
R06,棚卸資産,"86,000","56,000","135,000","135,000","162,000","92,000","113,000","90,000","172,000","80,000","88,000","50,000","100,000","114,000"
R07,棚卸資産,"106,000","56,000","115,000","135,000","247,000","95,000","115,000","90,000","127,000","75,000","90,000","90,000","67,000","95,000"
R08,棚卸資産,"121,000","56,000","135,000","132,000","282,000","95,000","87,500","50,000","162,000","96,000","90,000","100,000","100,000","85,000"
R09,棚卸資産,"183,000","54,000","135,000","112,000","282,000","115,000","78,000","48,000","149,000","97,000","92,000","92,000","112,000","55,000"
R10,棚卸資産,"278,000","54,000","150,000","110,000","250,000","150,000","66,500","56,000","154,000","97,000","50,000","102,000","102,000","92,000"
R11,棚卸資産,"78,000","52,000","75,000","70,000","215,000","62,000","67,000","58,000","254,000","115,000","48,000","62,000","102,000","55,000"
R01,固定資産,"250,000","250,000","250,000","250,000","250,000","250,000","250,000","250,000","250,000","250,000","250,000","250,000","250,000","250,000"
R02,固定資産,"250,000","250,000","250,000","250,000","250,000","250,000","250,000","250,000","250,000","250,000","250,000","250,000","250,000","250,000"
R03,固定資産,"250,000","250,000","250,000","250,000","250,000","250,000","250,000","250,000","250,000","250,000","250,000","250,000","250,000","250,000"
R04,固定資産,"250,000","250,000","250,000","250,000","250,000","250,000","250,000","250,000","250,000","250,000","250,000","250,000","250,000","250,000"
R05,固定資産,"250,000","250,000","250,000","250,000","250,000","250,000","250,000","250,000","250,000","250,000","250,000","250,000","250,000","250,000"
R06,固定資産,"250,000","250,000","250,000","250,000","250,000","250,000","250,000","250,000","250,000","250,000","250,000","250,000","250,000","250,000"
R07,固定資産,"250,000","250,000","250,000","250,000","250,000","250,000","250,000","250,000","250,000","250,000","250,000","250,000","250,000","250,000"
R08,固定資産,"250,000","250,000","250,000","250,000","250,000","250,000","250,000","250,000","250,000","250,000","250,000","250,000","250,000","250,000"
R09,固定資産,"250,000","250,000","250,000","250,000","250,000","250,000","250,000","250,000","250,000","250,000","250,000","250,000","250,000","250,000"
R10,固定資産,"250,000","250,000","250,000","250,000","250,000","250,000","250,000","250,000","250,000","250,000","250,000","250,000","250,000","250,000"
R11,固定資産,"250,000","250,000","250,000","250,000","250,000","250,000","250,000","250,000","250,000","250,000","250,000","250,000","250,000","250,000"
R01,資産合計,"525,000","520,000","520,000","518,000","520,000","515,000","520,000","513,000","520,000","515,000","522,000","515,000","525,000","517,000"
R02,資産合計,"555,000","547,000","540,000","543,000","550,000","545,000","550,000","538,000","550,000","542,000","545,000","535,000","555,000","544,500"
R03,資産合計,"561,000","565,100","560,500","554,200","570,250","570,000","569,000","555,000","575,000","561,400","557,000","547,900","557,310","566,150"
R04,資産合計,"541,000","553,275","554,300","549,800","545,290","552,600","542,400","560,000","565,500","548,976","539,190","539,350","536,710","546,550"
R05,資産合計,"458,600","530,945","524,270","533,440","514,290","519,600","519,650","484,460","489,550","525,976","502,690","521,700","490,710","511,454"
R06,資産合計,"451,780","527,695","519,270","525,440","491,790","511,600","519,650","485,020","460,440","523,526","500,210","509,250","486,310","493,062"
R07,資産合計,"455,780","530,175","513,320","521,690","497,000","507,200","517,150","487,770","442,440","523,046","500,560","511,250","487,910","482,462"
R08,資産合計,"459,880","536,675","515,820","524,190","532,000","502,200","521,650","489,770","434,940","519,846","505,440","516,250","488,910","474,822"
R09,資産合計,"454,880","525,803","497,520","509,440","532,000","484,080","514,890","471,620","399,000","493,312","490,380","497,750","476,220","454,612"
R10,資産合計,"528,000","524,653","495,520","507,840","500,000","477,580","514,890","470,270","404,000","486,912","490,420","498,150","474,620","455,612"
R11,資産合計,"396,864","499,953","433,880","484,460","465,000","392,540","489,190","447,670","504,000","442,005","468,660","474,950","447,520","422,472"
R01,売上原価,"50,000","50,000","50,000","50,000","50,000","50,000","50,000","50,000","50,000","50,000","50,000","50,000","50,000","50,000"
R02,売上原価,"50,000","50,000","50,000","50,000","50,000","50,000","50,000","50,000","50,000","50,000","50,000","50,000","50,000","50,000"
R03,売上原価,"50,000","55,000","75,000","60,000","100,000","75,000","50,000","50,000","50,000","65,000","60,000","62,500","100,000","50,000"
R04,売上原価,"80,000","57,500","75,000","60,000","100,000","75,000","75,000","50,000","100,000","75,000","75,000","62,500","100,000","125,000"
R05,売上原価,"200,000","60,000","75,000","60,000","110,000","100,000","65,000","100,000","150,000","90,000","75,000","75,000","125,000","75,000"
R06,売上原価,"50,000","50,000","75,000","75,000","125,000","75,000","40,000","50,000","110,000","65,000","60,000","75,000","60,000","75,000"
R07,売上原価,"50,000","50,000","75,000","75,000","150,000","60,000","25,000","50,000","100,000","60,000","40,000","50,000","40,000","94,000"
R08,売上原価,"50,000","50,000","75,000","75,000","175,000","75,000","35,000","50,000","75,000","75,000","50,000","50,000","35,000","75,000"
R09,売上原価,"25,000","50,000","75,000","60,000","250,000","75,000","37,500","50,000","150,000","80,000","50,000","60,000","40,000","85,000"
R10,売上原価,"35,000","50,000","75,000","60,000","250,000","75,000","40,000","40,000","85,000","85,000","60,000","60,000","60,000","35,000"
R11,売上原価,"250,000","50,000","150,000","50,000","250,000","150,000","42,500","40,000","150,000","85,000","50,000","50,000","50,000","60,000"
R01,売上総利益,"45,000","40,000","40,000","38,000","40,000","35,000","40,000","33,000","40,000","35,000","42,000","35,000","45,000","37,000"
R02,売上総利益,"50,000","47,000","40,000","45,000","50,000","50,000","50,000","45,000","50,000","47,000","43,000","40,000","50,000","47,500"
R03,売上総利益,"26,000","38,100","40,500","31,200","40,250","45,000","39,000","37,000","45,000","39,400","32,000","32,900","22,310","41,650"
R04,売上総利益,0,"8,175","13,800","15,600","-4,960","2,600","-6,600","25,000","10,500","7,576","2,190","11,450",-600,400
R05,売上総利益,"-62,400","-2,330","-10,030","3,640","-11,000","-13,000","-2,750","-55,540","-55,950","-3,000","-16,500","2,350","-26,000","-15,096"
R06,売上総利益,"13,180","16,750","15,000","12,000","-2,500","12,000","20,000","20,560","-9,110","17,550","17,520","7,550","15,600","1,608"
R07,売上総利益,"24,000","22,480","14,050","16,250","-15,000","15,600","17,500","22,750","2,000","19,520","20,350","22,000","21,600","9,400"
R08,売上総利益,"24,100","26,500","22,500","22,500","-21,000","15,000","24,500","22,000","12,500","16,800","24,880","25,000","21,000","12,360"
R09,売上総利益,"15,000","9,128","1,700","5,250","-85,000","1,880","13,240","1,850","-24,510","-6,534","4,940","1,500","7,310",-210
R10,売上総利益,"14,400","18,850","18,000","18,400","-74,820","13,500","20,000","18,650","-6,600","13,600","20,040","20,400","18,400","21,000"
R11,売上総利益,"-107,200","-4,700","-41,640","-3,380","-123,840","-65,040","-5,700","-2,600","-51,900","-24,907","-1,760","-3,200","-7,100","-13,140"
R01,営業利益,"25,000","20,000","20,000","18,000","20,000","15,000","20,000","13,000","20,000","15,000","22,000","15,000","25,000","17,000"
R02,営業利益,"30,000","27,000","20,000","25,000","30,000","30,000","30,000","25,000","30,000","27,000","23,000","20,000","30,000","27,500"
R03,営業利益,"6,000","18,100","20,500","11,200","20,250","25,000","19,000","17,000","25,000","19,400","12,000","12,900","2,310","21,650"
R04,営業利益,"-20,000","-11,825","-6,200","-4,400","-24,960","-17,400","-26,600","5,000","-9,500","-12,424","-17,810","-8,550","-20,600","-19,600"
R05,営業利益,"-82,400","-22,330","-30,030","-16,360","-31,000","-33,000","-22,750","-75,540","-75,950","-23,000","-36,500","-17,650","-46,000","-35,096"
R06,営業利益,"-6,820","-3,250","-5,000","-8,000","-22,500","-8,000",0,560,"-29,110","-2,450","-2,480","-12,450","-4,400","-18,392"
R07,営業利益,"4,000","2,480","-5,950","-3,750","-35,000","-4,400","-2,500","2,750","-18,000",-480,350,"2,000","1,600","-10,600"
R08,営業利益,"4,100","6,500","2,500","2,500","-41,000","-5,000","4,500","2,000","-7,500","-3,200","4,880","5,000","1,000","-7,640"
R09,営業利益,"-5,000","-10,872","-18,300","-14,750","-105,000","-18,120","-6,760","-18,150","-44,510","-26,534","-15,060","-18,500","-12,690","-20,210"
R10,営業利益,"-5,600","-1,150","-2,000","-1,600","-94,820","-6,500",0,"-1,350","-26,600","-6,400",40,400,"-1,600","1,000"
R11,営業利益,"-127,200","-24,700","-61,640","-23,380","-143,840","-85,040","-25,700","-22,600","-71,900","-44,907","-21,760","-23,200","-27,100","-33,140"
R01,経常利益,"25,000","20,000","20,000","18,000","20,000","15,000","20,000","13,000","20,000","15,000","22,000","15,000","25,000","17,000"
R02,経常利益,"30,000","27,000","20,000","25,000","30,000","30,000","30,000","25,000","30,000","27,000","23,000","20,000","30,000","27,500"
R03,経常利益,"6,000","18,100","20,500","11,200","20,250","25,000","19,000","17,000","25,000","19,400","12,000","12,900","2,310","21,650"
R04,経常利益,"-20,000","-11,825","-6,200","-4,400","-24,960","-17,400","-26,600","5,000","-9,500","-12,424","-17,810","-8,550","-20,600","-19,600"
R05,経常利益,"-82,400","-22,330","-30,030","-16,360","-31,000","-33,000","-22,750","-75,540","-75,950","-23,000","-36,500","-17,650","-46,000","-35,096"
R06,経常利益,"-6,820","-3,250","-5,000","-8,000","-22,500","-8,000",0,560,"-29,110","-2,450","-2,480","-12,450","-4,400","-18,392"
R07,経常利益,"4,000","2,480","-5,950","-3,750","-35,000","-4,400","-2,500","2,750","-18,000",-480,350,"2,000","1,600","-10,600"
R08,経常利益,"4,100","6,500","2,500","2,500","-43,011","-5,000","4,500","2,000","-7,500","-3,200","4,880","5,000","1,000","-7,640"
R09,経常利益,"-5,000","-10,872","-18,300","-14,750","-110,911","-18,120","-6,760","-18,150","-44,510","-26,534","-15,060","-18,500","-12,690","-20,210"
R10,経常利益,"-5,600","-1,150","-2,000","-1,600","-106,277","-6,500",0,"-1,350","-27,029","-6,400",40,400,"-1,600","1,000"
R11,経常利益,"-131,136","-24,700","-61,640","-23,380","-159,010","-85,040","-25,700","-22,600","-73,930","-44,907","-21,760","-23,200","-27,100","-33,140"
R01,流動負債,0,0,0,0,0,0,0,0,0,0,0,0,0,0
R02,流動負債,0,0,0,0,0,0,0,0,0,0,0,0,0,0
R03,流動負債,0,0,0,0,0,0,0,0,0,0,0,0,0,0
R04,流動負債,0,0,0,0,0,0,0,0,0,0,0,0,0,0
R05,流動負債,0,0,0,0,0,0,0,0,0,0,0,0,0,0
R06,流動負債,0,0,0,0,0,0,0,0,0,0,0,0,0,0
R07,流動負債,0,0,0,0,"40,210",0,0,0,0,0,0,0,0,0
R08,流動負債,0,0,0,0,"118,221",0,0,0,0,0,0,0,0,0
R09,流動負債,0,0,0,0,"229,132",0,0,0,"8,570",0,0,0,0,0
R10,流動負債,"78,720",0,0,0,"303,408",0,0,0,"40,599",0,0,0,0,0
R11,流動負債,"78,720",0,0,0,"427,419",0,0,0,"214,528",0,0,0,0,0
R06,剰余金,"-48,220","27,695","19,270","25,440","-8,210","11,600","19,650","-14,980","-39,560","23,526",210,"9,250","-13,690","-6,938"
R07,累積販売数,980,627,846,768,"1,244",862,578,634,982,804,653,739,873,881
R07,剰余金,"-44,220","30,175","13,320","21,690","-43,210","7,200","17,150","-12,230","-57,560","23,046",560,"11,250","-12,090","-17,538"
R08,累積販売数,"1,075",727,996,918,"1,594","1,012",648,724,"1,107",939,749,839,943,"1,011"
R08,剰余金,"-40,120","36,675","15,820","24,190","-86,221","2,200","21,650","-10,230","-65,060","19,846","5,440","16,250","-11,090","-25,178"
R09,累積販売数,"1,115",803,"1,114","1,008","2,094","1,136",707,785,"1,374","1,048",816,921,"1,000","1,150"
R09,剰余金,"-45,120","25,803","-2,480","9,440","-197,132","-15,920","14,890","-28,380","-109,570","-6,688","-9,620","-2,250","-23,780","-45,388"
R10,累積販売数,"1,167",893,"1,264","1,120","2,555","1,286",787,854,"1,486","1,218",932,"1,041","1,112","1,220"
R10,剰余金,"-50,720","24,653","-4,480","7,840","-303,408","-22,420","14,890","-29,730","-136,599","-13,088","-9,580","-1,850","-25,380","-44,388"
R11,累積販売数,"1,575",953,"1,522","1,183","2,887","1,463",833,898,"1,704","1,317",999,"1,106","1,167","1,286"
R11,剰余金,"-181,856",-47,"-66,120","-15,540","-462,419","-107,460","-10,810","-52,330","-210,528","-57,995","-31,340","-25,050","-52,480","-77,528"
R01,資本金,"500,000","500,000","500,000","500,000","500,000","500,000","500,000","500,000","500,000","500,000","500,000","500,000","500,000","500,000"
R02,資本金,"500,000","500,000","500,000","500,000","500,000","500,000","500,000","500,000","500,000","500,000","500,000","500,000","500,000","500,000"
R03,資本金,"500,000","500,000","500,000","500,000","500,000","500,000","500,000","500,000","500,000","500,000","500,000","500,000","500,000","500,000"
R04,資本金,"500,000","500,000","500,000","500,000","500,000","500,000","500,000","500,000","500,000","500,000","500,000","500,000","500,000","500,000"
R05,資本金,"500,000","500,000","500,000","500,000","500,000","500,000","500,000","500,000","500,000","500,000","500,000","500,000","500,000","500,000"
R06,資本金,"500,000","500,000","500,000","500,000","500,000","500,000","500,000","500,000","500,000","500,000","500,000","500,000","500,000","500,000"
R07,資本金,"500,000","500,000","500,000","500,000","500,000","500,000","500,000","500,000","500,000","500,000","500,000","500,000","500,000","500,000"
R08,資本金,"500,000","500,000","500,000","500,000","500,000","500,000","500,000","500,000","500,000","500,000","500,000","500,000","500,000","500,000"
R09,資本金,"500,000","500,000","500,000","500,000","500,000","500,000","500,000","500,000","500,000","500,000","500,000","500,000","500,000","500,000"
R10,資本金,"500,000","500,000","500,000","500,000","500,000","500,000","500,000","500,000","500,000","500,000","500,000","500,000","500,000","500,000"
R11,資本金,"500,000","500,000","500,000","500,000","500,000","500,000","500,000","500,000","500,000","500,000","500,000","500,000","500,000","500,000"
R01,資本負債合計,"525,000","520,000","520,000","518,000","520,000","515,000","520,000","513,000","520,000","515,000","522,000","515,000","525,000","517,000"
R02,資本負債合計,"555,000","547,000","540,000","543,000","550,000","545,000","550,000","538,000","550,000","542,000","545,000","535,000","555,000","544,500"
R03,資本負債合計,"561,000","565,100","560,500","554,200","570,250","570,000","569,000","555,000","575,000","561,400","557,000","547,900","557,310","566,150"
R04,資本負債合計,"541,000","553,275","554,300","549,800","545,290","552,600","542,400","560,000","565,500","548,976","539,190","539,350","536,710","546,550"
R05,資本負債合計,"458,600","530,945","524,270","533,440","514,290","519,600","519,650","484,460","489,550","525,976","502,690","521,700","490,710","511,454"
R06,資本負債合計,"451,780","527,695","519,270","525,440","491,790","511,600","519,650","485,020","460,440","523,526","500,210","509,250","486,310","493,062"
R07,資本負債合計,"455,780","530,175","513,320","521,690","497,000","507,200","517,150","487,770","442,440","523,046","500,560","511,250","487,910","482,462"
R08,資本負債合計,"459,880","536,675","515,820","524,190","532,000","502,200","521,650","489,770","434,940","519,846","505,440","516,250","488,910","474,822"
R09,資本負債合計,"454,880","525,803","497,520","509,440","532,000","484,080","514,890","471,620","399,000","493,312","490,380","497,750","476,220","454,612"
R10,資本負債合計,"528,000","524,653","495,520","507,840","500,000","477,580","514,890","470,270","404,000","486,912","490,420","498,150","474,620","455,612"
R11,資本負債合計,"396,864","499,953","433,880","484,460","465,000","392,540","489,190","447,670","504,000","442,005","468,660","474,950","447,520","422,472"